"Date","Price","Open","High","Low","Vol.","Change %"
"09/15/2026","3,360.00","3,360.00","3,360.00","3,360.00","","-2.47%"
"09/14/2026","3,445.00","3,445.00","3,445.00","3,445.00","","-1.77%"
"09/11/2026","3,507.00","3,507.00","3,507.00","3,507.00","","-0.40%"
"09/08/2026","3,584.00","3,584.00","3,584.00","3,584.00","","0.25%"
"09/07/2026","3,575.00","3,575.00","3,575.00","3,575.00","","-1.46%"
"09/04/2026","3,628.00","3,628.00","3,628.00","3,628.00","","4.01%"
"09/03/2026","3,488.00","3,488.00","3,488.00","3,488.00","","4.71%"
"09/02/2026","3,331.00","3,331.00","3,331.00","3,331.00","","5.51%"
"09/01/2026","3,157.00","3,157.00","3,157.00","3,157.00","","-0.91%"
"08/28/2026","3,186.00","3,186.00","3,186.00","3,186.00","","2.54%"
"08/27/2026","3,107.00","3,107.00","3,107.00","3,107.00","","1.67%"
"08/26/2026","3,056.00","3,056.00","3,056.00","3,056.00","","4.44%"
"08/25/2026","2,926.00","2,926.00","2,926.00","2,926.00","","1.53%"
"08/24/2026","2,882.00","2,882.00","2,882.00","2,882.00","","1.44%"
"08/21/2026","2,841.00","2,841.00","2,841.00","2,841.00","","1.79%"
"08/20/2026","2,791.00","2,791.00","2,791.00","2,791.00","","0.54%"
"08/19/2026","2,776.00","2,776.00","2,776.00","2,776.00","","-1.39%"
"08/18/2026","2,815.00","2,815.00","2,815.00","2,815.00","","-2.19%"
"08/17/2026","2,878.00","2,878.00","2,878.00","2,878.00","","0.52%"
"08/14/2026","2,863.00","2,863.00","2,863.00","2,863.00","","0.67%"
"08/13/2026","2,844.00","2,844.00","2,844.00","2,844.00","","-3.23%"
"08/12/2026","2,939.00","2,939.00","2,939.00","2,939.00","","-3.51%"
"08/11/2026","3,046.00","3,046.00","3,046.00","3,046.00","","-1.20%"
"08/10/2026","3,083.00","3,083.00","3,083.00","3,083.00","","-0.19%"
"08/07/2026","3,089.00","3,089.00","3,089.00","3,089.00","","1.05%"
"08/06/2026","3,057.00","3,057.00","3,057.00","3,057.00","","-0.20%"
"08/05/2026","3,063.00","3,063.00","3,063.00","3,063.00","","4.33%"
"08/04/2026","2,936.00","2,936.00","2,936.00","2,936.00","","3.27%"
"08/03/2026","2,843.00","2,843.00","2,843.00","2,843.00","","4.06%"
"07/31/2026","2,732.00","2,732.00","2,732.00","2,732.00","","2.21%"
"07/30/2026","2,673.00","2,673.00","2,673.00","2,673.00","","1.56%"
"07/29/2026","2,632.00","2,632.00","2,632.00","2,632.00","","-1.20%"
"07/28/2026","2,664.00","2,664.00","2,664.00","2,664.00","","-1.19%"
"07/27/2026","2,696.00","2,696.00","2,696.00","2,696.00","","-1.71%"
"07/24/2026","2,743.00","2,743.00","2,743.00","2,743.00","","0.66%"
"07/23/2026","2,725.00","2,725.00","2,725.00","2,725.00","","0.37%"
"07/22/2026","2,715.00","2,715.00","2,715.00","2,715.00","","1.69%"
"07/21/2026","2,670.00","2,670.00","2,670.00","2,670.00","","-0.04%"
"07/20/2026","2,671.00","2,671.00","2,671.00","2,671.00","","-2.94%"
"07/17/2026","2,752.00","2,752.00","2,752.00","2,752.00","","-3.10%"
"07/16/2026","2,840.00","2,840.00","2,840.00","2,840.00","","-3.04%"
"07/15/2026","2,929.00","2,929.00","2,929.00","2,929.00","","-1.71%"
"07/14/2026","2,980.00","2,980.00","2,980.00","2,980.00","","0.68%"
"07/13/2026","2,960.00","2,960.00","2,960.00","2,960.00","","0.54%"
"07/10/2026","2,944.00","2,944.00","2,944.00","2,944.00","","1.17%"
"07/09/2026","2,910.00","2,910.00","2,910.00","2,910.00","","1.36%"
"07/08/2026","2,871.00","2,871.00","2,871.00","2,871.00","","-0.14%"
"07/07/2026","2,875.00","2,875.00","2,875.00","2,875.00","","2.79%"
"07/06/2026","2,797.00","2,797.00","2,797.00","2,797.00","","2.94%"
"07/03/2026","2,717.00","2,717.00","2,717.00","2,717.00","","2.53%"
"07/02/2026","2,650.00","2,650.00","2,650.00","2,650.00","","3.43%"
"07/01/2026","2,562.00","2,562.00","2,562.00","2,562.00","","2.44%"
"06/30/2026","2,501.00","2,501.00","2,501.00","2,501.00","","0.44%"
"06/29/2026","2,490.00","2,490.00","2,490.00","2,490.00","","-1.35%"
"06/26/2026","2,524.00","2,524.00","2,524.00","2,524.00","","-2.59%"
"06/25/2026","2,591.00","2,591.00","2,591.00","2,591.00","","-1.63%"
"06/24/2026","2,634.00","2,634.00","2,634.00","2,634.00","","-1.24%"
"06/23/2026","2,667.00","2,667.00","2,667.00","2,667.00","","-0.63%"
"06/22/2026","2,684.00","2,684.00","2,684.00","2,684.00","","-1.40%"
"06/19/2026","2,722.00","2,722.00","2,722.00","2,722.00","","2.37%"
"06/18/2026","2,659.00","2,659.00","2,659.00","2,659.00","","0.23%"
"06/17/2026","2,653.00","2,653.00","2,653.00","2,653.00","","-0.64%"
"06/16/2026","2,670.00","2,670.00","2,670.00","2,670.00","","-1.84%"
"06/15/2026","2,720.00","2,729.00","2,729.00","2,720.00","","-3.48%"
"06/09/2026","2,818.00","2,818.00","2,818.00","2,818.00","","-3.36%"
"06/08/2026","2,916.00","2,916.00","2,916.00","2,916.00","","-2.18%"
"06/05/2026","2,981.00","2,981.00","2,981.00","2,981.00","","-1.84%"
"06/04/2026","3,037.00","3,037.00","3,037.00","3,037.00","","-2.78%"
"06/03/2026","3,124.00","3,124.00","3,124.00","3,124.00","","-2.53%"
"06/02/2026","3,205.00","3,205.00","3,205.00","3,205.00","","-0.53%"
"06/01/2026","3,222.00","3,222.00","3,222.00","3,222.00","","-0.06%"
"05/29/2026","3,224.00","3,224.00","3,224.00","3,224.00","","-0.06%"
"05/28/2026","3,226.00","3,226.00","3,226.00","3,226.00","","3.27%"
"05/27/2026","3,124.00","3,124.00","3,124.00","3,124.00","","1.26%"
"05/26/2026","3,085.00","3,085.00","3,085.00","3,085.00","","3.14%"
"05/22/2026","2,991.00","2,991.00","2,991.00","2,991.00","","0.91%"
"05/21/2026","2,964.00","2,964.00","2,964.00","2,964.00","","-1.36%"
"05/20/2026","3,005.00","3,005.00","3,005.00","3,005.00","","-1.60%"
"05/19/2026","3,054.00","3,054.00","3,054.00","3,054.00","","-1.23%"
"05/18/2026","3,092.00","3,092.00","3,092.00","3,092.00","","-1.87%"
"05/15/2026","3,151.00","3,151.00","3,151.00","3,151.00","","-1.38%"
"05/14/2026","3,195.00","3,195.00","3,195.00","3,195.00","","0.19%"
"05/13/2026","3,189.00","3,189.00","3,189.00","3,189.00","","4.11%"
"05/12/2026","3,063.00","3,063.00","3,063.00","3,063.00","","2.07%"
"05/11/2026","3,001.00","3,001.00","3,001.00","3,001.00","","0.77%"
"05/08/2026","2,978.00","2,978.00","2,978.00","2,978.00","","-1.85%"
"05/07/2026","3,034.00","3,034.00","3,034.00","3,034.00","","1.44%"
"05/06/2026","2,991.00","2,991.00","2,991.00","2,991.00","","5.61%"
"05/05/2026","2,832.00","2,832.00","2,832.00","2,832.00","","3.74%"
"05/01/2026","2,730.00","2,730.00","2,730.00","2,730.00","","1.64%"
"04/30/2026","2,686.00","2,686.00","2,686.00","2,686.00","","0.60%"
"04/29/2026","2,670.00","2,670.00","2,670.00","2,670.00","","-0.26%"
"04/28/2026","2,677.00","2,677.00","2,677.00","2,677.00","","0.41%"
"04/27/2026","2,666.00","2,666.00","2,666.00","2,666.00","","0.04%"
"04/24/2026","2,665.00","2,665.00","2,665.00","2,665.00","","-0.30%"
"04/23/2026","2,673.00","2,673.00","2,673.00","2,673.00","","-0.07%"
"04/22/2026","2,675.00","2,675.00","2,675.00","2,675.00","","1.33%"
"04/21/2026","2,640.00","2,640.00","2,640.00","2,640.00","","0.27%"
"04/20/2026","2,633.00","2,633.00","2,633.00","2,633.00","","2.57%"
"04/17/2026","2,567.00","2,567.00","2,567.00","2,567.00","","1.74%"
"04/16/2026","2,523.00","2,523.00","2,523.00","2,523.00","","1.57%"
"04/15/2026","2,484.00","2,484.00","2,484.00","2,484.00","","5.52%"
"04/14/2026","2,354.00","2,354.00","2,354.00","2,354.00","","4.62%"
"04/13/2026","2,250.00","2,250.00","2,250.00","2,250.00","","2.23%"
"04/10/2026","2,201.00","2,201.00","2,201.00","2,201.00","","1.85%"
"04/09/2026","2,161.00","2,161.00","2,161.00","2,161.00","","1.03%"
"04/08/2026","2,139.00","2,139.00","2,139.00","2,139.00","","2.10%"
"04/07/2026","2,095.00","2,095.00","2,095.00","2,095.00","","1.40%"
"04/02/2026","2,066.00","2,066.00","2,066.00","2,066.00","","1.77%"
"04/01/2026","2,030.00","2,030.00","2,030.00","2,030.00","","1.75%"
"03/31/2026","1,995.00","1,995.00","1,995.00","1,995.00","","-1.09%"
"03/30/2026","2,017.00","2,017.00","2,017.00","2,017.00","","-0.69%"
"03/27/2026","2,031.00","2,031.00","2,031.00","2,031.00","","0.84%"
"03/26/2026","2,014.00","2,014.00","2,014.00","2,014.00","","0.65%"
"03/25/2026","2,001.00","2,001.00","2,001.00","2,001.00","","0.60%"
"03/24/2026","1,989.00","1,989.00","1,989.00","1,989.00","","-2.36%"
"03/23/2026","2,037.00","2,037.00","2,037.00","2,037.00","","-0.92%"
"03/20/2026","2,056.00","2,056.00","2,056.00","2,056.00","","-0.05%"
"03/19/2026","2,057.00","2,057.00","2,057.00","2,057.00","","-0.34%"
"03/18/2026","2,064.00","2,064.00","2,064.00","2,064.00","","1.98%"
"03/17/2026","2,024.00","2,024.00","2,024.00","2,024.00","","-0.69%"
"03/16/2026","2,038.00","2,038.00","2,038.00","2,038.00","","0.49%"
"03/13/2026","2,028.00","2,028.00","2,028.00","2,028.00","","2.84%"
"03/12/2026","1,972.00","1,972.00","1,972.00","1,972.00","","2.39%"
"03/11/2026","1,926.00","1,926.00","1,926.00","1,926.00","","0.36%"
"03/10/2026","1,919.00","1,919.00","1,919.00","1,919.00","","-7.12%"
"03/09/2026","2,066.00","2,066.00","2,066.00","2,066.00","","2.79%"
"03/06/2026","2,010.00","2,010.00","2,010.00","2,010.00","","-5.99%"
"03/05/2026","2,138.00","2,138.00","2,138.00","2,138.00","","-4.25%"
"03/04/2026","2,233.00","2,233.00","2,233.00","2,233.00","","-0.40%"
"03/03/2026","2,242.00","2,242.00","2,242.00","2,242.00","","2.51%"
"03/02/2026","2,187.00","2,187.00","2,187.00","2,187.00","","2.20%"
"02/27/2026","2,140.00","2,140.00","2,140.00","2,140.00","","1.09%"
"02/26/2026","2,117.00","2,117.00","2,117.00","2,117.00","","-0.19%"
"02/25/2026","2,121.00","2,121.00","2,121.00","2,121.00","","-0.38%"
"02/24/2026","2,129.00","2,129.00","2,129.00","2,129.00","","0.80%"
"02/23/2026","2,112.00","2,112.00","2,112.00","2,112.00","","3.38%"
"02/20/2026","2,043.00","2,043.00","2,043.00","2,043.00","","1.19%"
"02/19/2026","2,019.00","2,019.00","2,019.00","2,019.00","","-2.13%"
"02/18/2026","2,063.00","2,063.00","2,063.00","2,063.00","","-1.53%"
"02/17/2026","2,095.00","2,095.00","2,095.00","2,095.00","","-0.24%"
"02/16/2026","2,100.00","2,100.00","2,100.00","2,100.00","","0.82%"
"02/13/2026","2,083.00","2,083.00","2,083.00","2,083.00","","-0.57%"
"02/12/2026","2,095.00","2,095.00","2,095.00","2,095.00","","7.00%"
"02/11/2026","1,958.00","1,958.00","1,958.00","1,958.00","","4.04%"
"02/10/2026","1,882.00","1,882.00","1,882.00","1,882.00","","-0.69%"
"02/09/2026","1,895.00","1,895.00","1,895.00","1,895.00","","-1.46%"
"02/06/2026","1,923.00","1,923.00","1,923.00","1,923.00","","-0.67%"
"02/05/2026","1,936.00","1,936.00","1,936.00","1,936.00","","-0.97%"
"02/04/2026","1,955.00","1,955.00","1,955.00","1,955.00","","-3.60%"
"02/03/2026","2,028.00","2,028.00","2,028.00","2,028.00","","-4.52%"
"02/02/2026","2,124.00","2,124.00","2,124.00","2,124.00","","-1.12%"
"01/30/2026","2,148.00","2,148.00","2,148.00","2,148.00","","7.29%"
"01/29/2026","2,002.00","2,002.00","2,002.00","2,002.00","","-0.69%"
"01/28/2026","2,016.00","2,016.00","2,016.00","2,016.00","","0.85%"
"01/27/2026","1,999.00","1,999.00","1,999.00","1,999.00","","12.30%"
"01/26/2026","1,780.00","1,780.00","1,780.00","1,780.00","","1.02%"
"01/23/2026","1,762.00","1,762.00","1,762.00","1,762.00","","0.06%"
"01/22/2026","1,761.00","1,761.00","1,761.00","1,761.00","","-2.33%"
"01/21/2026","1,803.00","1,803.00","1,803.00","1,803.00","","4.28%"
"01/20/2026","1,729.00","1,729.00","1,729.00","1,729.00","","4.79%"
"01/19/2026","1,650.00","1,650.00","1,650.00","1,650.00","","5.30%"
"01/16/2026","1,567.00","1,567.00","1,567.00","1,567.00","","2.28%"
"01/15/2026","1,532.00","1,532.00","1,532.00","1,532.00","","-2.17%"
"01/14/2026","1,566.00","1,566.00","1,566.00","1,566.00","","-2.61%"
"01/13/2026","1,608.00","1,608.00","1,608.00","1,608.00","","-3.07%"
"01/12/2026","1,659.00","1,659.00","1,659.00","1,659.00","","-1.72%"
"01/09/2026","1,688.00","1,688.00","1,688.00","1,688.00","","-1.75%"
"01/08/2026","1,718.00","1,718.00","1,718.00","1,718.00","","-3.27%"
"01/07/2026","1,776.00","1,776.00","1,776.00","1,776.00","","-2.95%"
"01/06/2026","1,830.00","1,830.00","1,830.00","1,830.00","","-1.13%"
"01/05/2026","1,851.00","1,851.00","1,851.00","1,851.00","","-1.65%"
"01/02/2026","1,882.00","1,882.00","1,882.00","1,882.00","","0.27%"
"12/24/2025","1,877.00","1,877.00","1,877.00","1,877.00","","-0.64%"
"12/23/2025","1,889.00","1,889.00","1,889.00","1,889.00","","-4.55%"
"12/22/2025","1,979.00","1,979.00","1,979.00","1,979.00","","-2.17%"
"12/19/2025","2,023.00","2,023.00","2,023.00","2,023.00","","-2.32%"
"12/18/2025","2,071.00","2,071.00","2,071.00","2,071.00","","-2.36%"
"12/17/2025","2,121.00","2,121.00","2,121.00","2,121.00","","-3.77%"
"12/16/2025","2,204.00","2,204.00","2,204.00","2,204.00","","0.50%"
"12/15/2025","2,193.00","2,193.00","2,193.00","2,193.00","","-0.54%"
"12/12/2025","2,205.00","2,205.00","2,205.00","2,205.00","","-3.88%"
"12/11/2025","2,294.00","2,294.00","2,294.00","2,294.00","","-5.60%"
"12/10/2025","2,430.00","2,430.00","2,430.00","2,430.00","","-4.97%"
"12/09/2025","2,557.00","2,557.00","2,557.00","2,557.00","","-5.09%"
"12/08/2025","2,694.00","2,694.00","2,694.00","2,694.00","","-1.21%"
"12/05/2025","2,727.00","2,727.00","2,727.00","2,727.00","","-3.09%"
"12/04/2025","2,814.00","2,814.00","2,814.00","2,814.00","","-1.09%"
"12/03/2025","2,845.00","2,845.00","2,845.00","2,845.00","","9.42%"
"12/02/2025","2,600.00","2,600.00","2,600.00","2,600.00","","0.66%"
"12/01/2025","2,583.00","2,583.00","2,583.00","2,583.00","","0.90%"
"11/28/2025","2,560.00","2,560.00","2,560.00","2,560.00","","3.23%"
"11/27/2025","2,480.00","2,480.00","2,480.00","2,480.00","","3.29%"
"11/26/2025","2,401.00","2,401.00","2,401.00","2,401.00","","3.98%"
"11/25/2025","2,309.00","2,309.00","2,309.00","2,309.00","","0.61%"
"11/24/2025","2,295.00","2,295.00","2,295.00","2,295.00","","0.88%"
"11/21/2025","2,275.00","2,275.00","2,275.00","2,275.00","","0.22%"
"11/20/2025","2,270.00","2,270.00","2,270.00","2,270.00","","0.44%"
"11/19/2025","2,260.00","2,260.00","2,260.00","2,260.00","","1.99%"
"11/18/2025","2,216.00","2,216.00","2,216.00","2,216.00","","2.93%"
"11/17/2025","2,153.00","2,153.00","2,153.00","2,153.00","","1.32%"
"11/14/2025","2,125.00","2,125.00","2,125.00","2,125.00","","2.31%"
"11/13/2025","2,077.00","2,077.00","2,077.00","2,077.00","","2.32%"
"11/12/2025","2,030.00","2,030.00","2,030.00","2,030.00","","-2.03%"
"11/11/2025","2,072.00","2,072.00","2,072.00","2,072.00","","-0.58%"
"11/10/2025","2,084.00","2,084.00","2,084.00","2,084.00","","-0.95%"
"11/07/2025","2,104.00","2,104.00","2,104.00","2,104.00","","1.99%"
"11/06/2025","2,063.00","2,063.00","2,063.00","2,063.00","","3.00%"
"11/05/2025","2,003.00","2,003.00","2,003.00","2,003.00","","2.30%"
"11/04/2025","1,958.00","1,958.00","1,958.00","1,958.00","","0.67%"
"11/03/2025","1,945.00","1,945.00","1,945.00","1,945.00","","-1.07%"
"10/31/2025","1,966.00","1,966.00","1,966.00","1,966.00","","-0.86%"
"10/30/2025","1,983.00","1,983.00","1,983.00","1,983.00","","1.12%"
"10/29/2025","1,961.00","1,961.00","1,961.00","1,961.00","","0.56%"
"10/28/2025","1,950.00","1,950.00","1,950.00","1,950.00","","-1.32%"
"10/27/2025","1,976.00","1,976.00","1,976.00","1,976.00","","-0.75%"
"10/24/2025","1,991.00","1,991.00","1,991.00","1,991.00","","-3.21%"
"10/23/2025","2,057.00","2,057.00","2,057.00","2,057.00","","-1.77%"
"10/21/2025","2,094.00","2,094.00","2,094.00","2,094.00","","1.11%"
"10/20/2025","2,071.00","2,069.00","2,071.00","2,069.00","","0.10%"
"10/17/2025","2,069.00","2,069.00","2,069.00","2,069.00","","1.12%"
"10/16/2025","2,046.00","2,046.00","2,046.00","2,046.00","","2.45%"
"10/15/2025","1,997.00","1,997.00","1,997.00","1,997.00","","-1.24%"
"10/14/2025","2,022.00","2,022.00","2,022.00","2,022.00","","-5.69%"
"10/13/2025","2,144.00","2,144.00","2,144.00","2,144.00","","10.74%"
"10/10/2025","1,936.00","1,936.00","1,936.00","1,936.00","","0.68%"
"10/09/2025","1,923.00","1,923.00","1,923.00","1,923.00","","-2.04%"
"10/08/2025","1,963.00","1,963.00","1,963.00","1,963.00","","0.82%"
"10/07/2025","1,947.00","1,947.00","1,947.00","1,947.00","","0.78%"
"10/06/2025","1,932.00","1,932.00","1,932.00","1,932.00","","1.63%"
"10/03/2025","1,901.00","1,901.00","1,901.00","1,901.00","","-0.42%"
"10/02/2025","1,909.00","1,909.00","1,909.00","1,909.00","","-3.59%"
"10/01/2025","1,980.00","1,980.00","1,980.00","1,980.00","","-7.22%"
"09/30/2025","2,134.00","2,134.00","2,134.00","2,134.00","","-3.87%"
"09/29/2025","2,220.00","2,220.00","2,220.00","2,220.00","","-1.73%"
"09/26/2025","2,259.00","2,259.00","2,259.00","2,259.00","","-0.31%"
"09/25/2025","2,266.00","2,266.00","2,266.00","2,266.00","","1.16%"
"09/24/2025","2,240.00","2,240.00","2,240.00","2,240.00","","1.82%"
"09/23/2025","2,200.00","2,200.00","2,200.00","2,200.00","","1.29%"
"09/22/2025","2,172.00","2,172.00","2,172.00","2,172.00","","-1.41%"
"09/19/2025","2,203.00","2,203.00","2,203.00","2,203.00","","-0.09%"
"09/18/2025","2,205.00","2,205.00","2,205.00","2,205.00","","1.15%"
"09/17/2025","2,180.00","2,180.00","2,180.00","2,180.00","","1.21%"
"09/16/2025","2,154.00","2,154.00","2,154.00","2,154.00","","0.05%"
"09/15/2025","2,153.00","2,153.00","2,153.00","2,153.00","","1.27%"
"09/12/2025","2,126.00","2,126.00","2,126.00","2,126.00","","0.71%"
"09/11/2025","2,111.00","2,111.00","2,111.00","2,111.00","","-0.05%"
"09/10/2025","2,112.00","2,112.00","2,112.00","2,112.00","","1.59%"
"09/09/2025","2,079.00","2,079.00","2,079.00","2,079.00","","2.97%"
"09/08/2025","2,019.00","2,019.00","2,019.00","2,019.00","","2.02%"
"09/05/2025","1,979.00","1,979.00","1,979.00","1,979.00","","0.82%"
"09/04/2025","1,963.00","1,963.00","1,963.00","1,963.00","","1.19%"
"09/03/2025","1,940.00","1,940.00","1,940.00","1,940.00","","-2.32%"
"09/02/2025","1,986.00","1,986.00","1,986.00","1,986.00","","-1.88%"
"09/01/2025","2,024.00","2,024.00","2,024.00","2,024.00","","-0.05%"
"08/29/2025","2,025.00","2,025.00","2,025.00","2,025.00","","0.40%"
"08/28/2025","2,017.00","2,017.00","2,017.00","2,017.00","","-1.42%"
"08/27/2025","2,046.00","2,046.00","2,046.00","2,046.00","","0.24%"
"08/26/2025","2,041.00","2,041.00","2,041.00","2,041.00","","4.99%"
"08/22/2025","1,944.00","1,944.00","1,944.00","1,944.00","","2.69%"
"08/21/2025","1,893.00","1,893.00","1,893.00","1,893.00","","-1.76%"
"08/20/2025","1,927.00","1,927.00","1,927.00","1,927.00","","-1.88%"
"08/19/2025","1,964.00","1,964.00","1,964.00","1,964.00","","-2.87%"
"08/18/2025","2,022.00","2,022.00","2,022.00","2,022.00","","-1.08%"
"08/15/2025","2,044.00","2,044.00","2,044.00","2,044.00","","0.25%"
"08/14/2025","2,039.00","2,039.00","2,039.00","2,039.00","","0.69%"
"08/13/2025","2,025.00","2,025.00","2,025.00","2,025.00","","0.40%"
"08/12/2025","2,017.00","2,017.00","2,017.00","2,017.00","","-1.03%"
"08/11/2025","2,038.00","2,038.00","2,038.00","2,038.00","","-0.63%"
"08/08/2025","2,051.00","2,051.00","2,051.00","2,051.00","","2.14%"
"08/07/2025","2,008.00","2,008.00","2,008.00","2,008.00","","0.70%"
"08/06/2025","1,994.00","1,994.00","1,994.00","1,994.00","","3.80%"
"08/05/2025","1,921.00","1,921.00","1,921.00","1,921.00","","-2.49%"
"08/04/2025","1,970.00","1,970.00","1,970.00","1,970.00","","-2.38%"
"08/01/2025","2,018.00","2,018.00","2,018.00","2,018.00","","0.75%"
"07/31/2025","2,003.00","2,003.00","2,003.00","2,003.00","","0.40%"
"07/30/2025","1,995.00","1,995.00","1,995.00","1,995.00","","-5.41%"
"07/29/2025","2,109.00","2,109.00","2,109.00","2,109.00","","-5.26%"
"07/28/2025","2,226.00","2,226.00","2,226.00","2,226.00","","-1.37%"
"07/25/2025","2,257.00","2,257.00","2,257.00","2,257.00","","-0.04%"
"07/24/2025","2,258.00","2,258.00","2,258.00","2,258.00","","6.51%"
"07/23/2025","2,120.00","2,120.00","2,120.00","2,120.00","","4.18%"
"07/22/2025","2,035.00","2,035.00","2,035.00","2,035.00","","0.94%"
"07/21/2025","2,016.00","2,016.00","2,016.00","2,016.00","","-1.75%"
"07/18/2025","2,052.00","2,052.00","2,052.00","2,052.00","","1.08%"
"07/17/2025","2,030.00","2,030.00","2,030.00","2,030.00","","6.51%"
"07/16/2025","1,906.00","1,906.00","1,906.00","1,906.00","","2.14%"
"07/15/2025","1,866.00","1,866.00","1,866.00","1,866.00","","4.66%"
"07/14/2025","1,783.00","1,783.00","1,783.00","1,783.00","","7.22%"
"07/11/2025","1,663.00","1,663.00","1,663.00","1,663.00","","13.52%"
"07/10/2025","1,465.00","1,465.00","1,465.00","1,465.00","","2.95%"
"07/09/2025","1,423.00","1,423.00","1,423.00","1,423.00","","-0.56%"
"07/08/2025","1,431.00","1,431.00","1,431.00","1,431.00","","-0.35%"
"07/07/2025","1,436.00","1,436.00","1,436.00","1,436.00","","0.00%"
"07/04/2025","1,436.00","1,436.00","1,436.00","1,436.00","","0.14%"
"07/03/2025","1,434.00","1,434.00","1,434.00","1,434.00","","-0.62%"
"07/02/2025","1,443.00","1,443.00","1,443.00","1,443.00","","-1.03%"
"07/01/2025","1,458.00","1,458.00","1,458.00","1,458.00","","-2.08%"
"06/30/2025","1,489.00","1,489.00","1,489.00","1,489.00","","-2.10%"
"06/27/2025","1,521.00","1,521.00","1,521.00","1,521.00","","-2.06%"
"06/26/2025","1,553.00","1,553.00","1,553.00","1,553.00","","-6.73%"
"06/25/2025","1,665.00","1,665.00","1,665.00","1,665.00","","-0.95%"
"06/24/2025","1,681.00","1,681.00","1,681.00","1,681.00","","0.42%"
"06/23/2025","1,674.00","1,674.00","1,674.00","1,674.00","","-0.89%"
"06/20/2025","1,689.00","1,689.00","1,689.00","1,689.00","","-3.54%"
"06/19/2025","1,751.00","1,751.00","1,751.00","1,751.00","","-6.56%"
"06/18/2025","1,874.00","1,874.00","1,874.00","1,874.00","","-4.00%"
"06/17/2025","1,952.00","1,952.00","1,952.00","1,952.00","","-1.16%"
"06/16/2025","1,975.00","1,975.00","1,975.00","1,975.00","","0.36%"
"06/13/2025","1,968.00","1,968.00","1,968.00","1,968.00","","3.36%"
"06/12/2025","1,904.00","1,904.00","1,904.00","1,904.00","","9.55%"
"06/11/2025","1,738.00","1,738.00","1,738.00","1,738.00","","3.45%"
"06/10/2025","1,680.00","1,680.00","1,680.00","1,680.00","","-0.65%"
"06/09/2025","1,691.00","1,691.00","1,691.00","1,691.00","","3.55%"
"06/06/2025","1,633.00","1,633.00","1,633.00","1,633.00","","0.43%"
"06/05/2025","1,626.00","1,626.00","1,626.00","1,626.00","","9.20%"
"06/04/2025","1,489.00","1,489.00","1,489.00","1,489.00","","4.13%"
"06/03/2025","1,430.00","1,430.00","1,430.00","1,430.00","","0.56%"
"06/02/2025","1,422.00","1,422.00","1,422.00","1,422.00","","0.28%"
"05/30/2025","1,418.00","1,418.00","1,418.00","1,418.00","","4.80%"
"05/29/2025","1,353.00","1,353.00","1,353.00","1,353.00","","3.84%"
"05/28/2025","1,303.00","1,303.00","1,303.00","1,303.00","","0.54%"
"05/27/2025","1,296.00","1,296.00","1,296.00","1,296.00","","-3.28%"
"05/23/2025","1,340.00","1,340.00","1,340.00","1,340.00","","-0.07%"
"05/22/2025","1,341.00","1,341.00","1,341.00","1,341.00","","0.30%"
"05/21/2025","1,337.00","1,337.00","1,337.00","1,337.00","","-0.22%"
"05/20/2025","1,340.00","1,340.00","1,340.00","1,340.00","","-0.52%"
"05/19/2025","1,347.00","1,347.00","1,347.00","1,347.00","","-2.95%"
"05/16/2025","1,388.00","1,388.00","1,388.00","1,388.00","","6.36%"
"05/15/2025","1,305.00","1,305.00","1,305.00","1,305.00","","3.00%"
"05/14/2025","1,267.00","1,267.00","1,267.00","1,267.00","","-1.02%"
"05/13/2025","1,280.00","1,280.00","1,280.00","1,280.00","","-1.84%"
"05/12/2025","1,304.00","1,304.00","1,304.00","1,304.00","","0.38%"
"05/09/2025","1,299.00","1,299.00","1,299.00","1,299.00","","-1.29%"
"05/08/2025","1,316.00","1,316.00","1,316.00","1,316.00","","-4.22%"
"05/07/2025","1,374.00","1,374.00","1,374.00","1,374.00","","-2.28%"
"05/06/2025","1,406.00","1,406.00","1,406.00","1,406.00","","-1.06%"
"05/02/2025","1,421.00","1,421.00","1,421.00","1,421.00","","0.71%"
"05/01/2025","1,411.00","1,411.00","1,411.00","1,411.00","","1.80%"
"04/30/2025","1,386.00","1,386.00","1,386.00","1,386.00","","-0.86%"
"04/29/2025","1,398.00","1,398.00","1,398.00","1,398.00","","-0.36%"
"04/28/2025","1,403.00","1,403.00","1,403.00","1,403.00","","2.18%"
"04/25/2025","1,373.00","1,373.00","1,373.00","1,373.00","","1.48%"
"04/24/2025","1,353.00","1,353.00","1,353.00","1,353.00","","4.08%"
"04/23/2025","1,300.00","1,300.00","1,300.00","1,300.00","","3.09%"
"04/22/2025","1,261.00","1,261.00","1,261.00","1,261.00","","0.00%"
"04/17/2025","1,261.00","1,261.00","1,261.00","1,261.00","","1.61%"
"04/16/2025","1,241.00","1,241.00","1,241.00","1,241.00","","-1.74%"
"04/15/2025","1,263.00","1,263.00","1,263.00","1,263.00","","-1.48%"
"04/14/2025","1,282.00","1,282.00","1,282.00","1,282.00","","0.63%"
"04/11/2025","1,274.00","1,274.00","1,274.00","1,274.00","","0.39%"
"04/10/2025","1,269.00","1,269.00","1,269.00","1,269.00","","0.79%"
"04/09/2025","1,259.00","1,259.00","1,259.00","1,259.00","","-6.18%"
"04/08/2025","1,342.00","1,342.00","1,342.00","1,342.00","","-4.21%"
"04/07/2025","1,401.00","1,401.00","1,401.00","1,401.00","","-5.91%"
"04/04/2025","1,489.00","1,489.00","1,489.00","1,489.00","","-3.31%"
"04/03/2025","1,540.00","1,540.00","1,540.00","1,540.00","","-2.72%"
"04/02/2025","1,583.00","1,583.00","1,583.00","1,583.00","","-0.25%"
"04/01/2025","1,587.00","1,587.00","1,587.00","1,587.00","","-0.69%"
"03/31/2025","1,598.00","1,598.00","1,598.00","1,598.00","","-0.25%"
"03/28/2025","1,602.00","1,602.00","1,602.00","1,602.00","","-1.17%"
"03/27/2025","1,621.00","1,621.00","1,621.00","1,621.00","","-0.80%"
"03/26/2025","1,634.00","1,634.00","1,634.00","1,634.00","","-0.49%"
"03/25/2025","1,642.00","1,642.00","1,642.00","1,642.00","","-0.61%"
"03/24/2025","1,652.00","1,652.00","1,652.00","1,652.00","","0.55%"
"03/21/2025","1,643.00","1,643.00","1,643.00","1,643.00","","0.49%"
"03/20/2025","1,635.00","1,635.00","1,635.00","1,635.00","","-0.12%"
"03/19/2025","1,637.00","1,637.00","1,637.00","1,637.00","","-0.79%"
"03/18/2025","1,650.00","1,650.00","1,650.00","1,650.00","","-0.48%"
"03/17/2025","1,658.00","1,658.00","1,658.00","1,658.00","","-0.66%"
"03/14/2025","1,669.00","1,669.00","1,669.00","1,669.00","","1.15%"
"03/13/2025","1,650.00","1,650.00","1,650.00","1,650.00","","5.84%"
"03/12/2025","1,559.00","1,559.00","1,559.00","1,559.00","","8.57%"
"03/11/2025","1,436.00","1,436.00","1,436.00","1,436.00","","0.84%"
"03/10/2025","1,424.00","1,424.00","1,424.00","1,424.00","","1.71%"
"03/07/2025","1,400.00","1,400.00","1,400.00","1,400.00","","8.86%"
"03/06/2025","1,286.00","1,286.00","1,286.00","1,286.00","","4.72%"
"03/05/2025","1,228.00","1,228.00","1,228.00","1,228.00","","-2.69%"
"03/04/2025","1,262.00","1,262.00","1,262.00","1,262.00","","-1.10%"
"03/03/2025","1,276.00","1,276.00","1,276.00","1,276.00","","3.82%"
"02/28/2025","1,229.00","1,229.00","1,229.00","1,229.00","","6.04%"
"02/27/2025","1,159.00","1,159.00","1,159.00","1,159.00","","4.23%"
"02/26/2025","1,112.00","1,112.00","1,112.00","1,112.00","","7.03%"
"02/25/2025","1,039.00","1,039.00","1,039.00","1,039.00","","3.69%"
"02/24/2025","1,002.00","1,002.00","1,002.00","1,002.00","","2.14%"
"02/21/2025","981.00","981.00","981.00","981.00","","4.25%"
"02/20/2025","941.00","941.00","941.00","941.00","","4.09%"
"02/19/2025","904.00","904.00","904.00","904.00","","7.49%"
"02/18/2025","841.00","841.00","841.00","841.00","","4.34%"
"02/17/2025","806.00","806.00","806.00","806.00","","1.77%"
"02/14/2025","792.00","792.00","792.00","792.00","","1.54%"
"02/13/2025","780.00","780.00","780.00","780.00","","0.52%"
"02/12/2025","776.00","776.00","776.00","776.00","","-3.12%"
"02/11/2025","801.00","801.00","801.00","801.00","","-0.99%"
"02/10/2025","809.00","809.00","809.00","809.00","","-0.74%"
"02/07/2025","815.00","815.00","815.00","815.00","","2.77%"
"02/06/2025","793.00","793.00","793.00","793.00","","2.85%"
"02/05/2025","771.00","771.00","771.00","771.00","","2.39%"
"02/04/2025","753.00","753.00","753.00","753.00","","2.03%"
"02/03/2025","738.00","738.00","738.00","738.00","","0.41%"
"01/31/2025","735.00","735.00","735.00","735.00","","2.80%"
"01/30/2025","715.00","715.00","715.00","715.00","","-1.52%"
"01/29/2025","726.00","726.00","726.00","726.00","","-2.68%"
"01/28/2025","746.00","746.00","746.00","746.00","","-1.97%"
"01/27/2025","761.00","761.00","761.00","761.00","","-2.19%"
"01/24/2025","778.00","778.00","778.00","778.00","","-5.58%"
"01/23/2025","824.00","824.00","824.00","824.00","","-7.73%"
"01/22/2025","893.00","893.00","893.00","893.00","","-3.77%"
"01/21/2025","928.00","928.00","928.00","928.00","","-3.03%"
"01/20/2025","957.00","957.00","957.00","957.00","","-3.04%"
"01/17/2025","987.00","987.00","987.00","987.00","","-3.52%"
"01/16/2025","1,023.00","1,023.00","1,023.00","1,023.00","","-3.76%"
"01/15/2025","1,063.00","1,063.00","1,063.00","1,063.00","","-1.57%"
"01/14/2025","1,080.00","1,080.00","1,080.00","1,080.00","","-1.19%"
"01/13/2025","1,093.00","1,093.00","1,093.00","1,093.00","","4.29%"
"01/10/2025","1,048.00","1,048.00","1,048.00","1,048.00","","8.15%"
"01/09/2025","969.00","969.00","969.00","969.00","","0.31%"
"01/08/2025","966.00","966.00","966.00","966.00","","-4.83%"
"01/07/2025","1,015.00","1,015.00","1,015.00","1,015.00","","-2.68%"
"01/06/2025","1,043.00","1,043.00","1,043.00","1,043.00","","-2.71%"
"01/03/2025","1,072.00","1,072.00","1,072.00","1,072.00","","4.18%"
"01/02/2025","1,029.00","1,029.00","1,029.00","1,029.00","","3.21%"
"12/24/2024","997.00","997.00","997.00","997.00","","0.30%"
"12/23/2024","994.00","994.00","994.00","994.00","","0.40%"
"12/20/2024","990.00","990.00","990.00","990.00","","1.43%"
"12/19/2024","976.00","976.00","976.00","976.00","","-5.06%"
"12/18/2024","1,028.00","1,028.00","1,028.00","1,028.00","","-2.37%"
"12/17/2024","1,053.00","1,053.00","1,053.00","1,053.00","","-1.68%"
"12/16/2024","1,071.00","1,071.00","1,071.00","1,071.00","","1.90%"
"12/13/2024","1,051.00","1,051.00","1,051.00","1,051.00","","-0.38%"
"12/12/2024","1,055.00","1,055.00","1,055.00","1,055.00","","-4.61%"
"12/11/2024","1,106.00","1,106.00","1,106.00","1,106.00","","-4.33%"
"12/10/2024","1,156.00","1,156.00","1,156.00","1,156.00","","-1.03%"
"12/09/2024","1,168.00","1,168.00","1,168.00","1,168.00","","0.09%"
"12/06/2024","1,167.00","1,167.00","1,167.00","1,167.00","","0.60%"
"12/05/2024","1,160.00","1,160.00","1,160.00","1,160.00","","-1.69%"
"12/04/2024","1,180.00","1,180.00","1,180.00","1,180.00","","-4.61%"
"12/03/2024","1,237.00","1,237.00","1,237.00","1,237.00","","-4.70%"
"12/02/2024","1,298.00","1,298.00","1,298.00","1,298.00","","-4.14%"
"11/29/2024","1,354.00","1,354.00","1,354.00","1,354.00","","-4.58%"
"11/28/2024","1,419.00","1,419.00","1,419.00","1,419.00","","-5.96%"
"11/27/2024","1,509.00","1,509.00","1,509.00","1,509.00","","-4.55%"
"11/26/2024","1,581.00","1,581.00","1,581.00","1,581.00","","3.40%"
"11/25/2024","1,529.00","1,529.00","1,529.00","1,529.00","","-0.52%"
"11/22/2024","1,537.00","1,537.00","1,537.00","1,537.00","","-2.47%"
"11/21/2024","1,576.00","1,576.00","1,576.00","1,576.00","","-2.48%"
"11/20/2024","1,616.00","1,616.00","1,616.00","1,616.00","","-0.68%"
"11/19/2024","1,627.00","1,627.00","1,627.00","1,627.00","","-7.35%"
"11/18/2024","1,756.00","1,756.00","1,756.00","1,756.00","","-1.62%"
"11/15/2024","1,785.00","1,785.00","1,785.00","1,785.00","","5.50%"
"11/14/2024","1,692.00","1,692.00","1,692.00","1,692.00","","3.80%"
"11/13/2024","1,630.00","1,630.00","1,630.00","1,630.00","","-0.24%"
"11/12/2024","1,634.00","1,634.00","1,634.00","1,634.00","","4.88%"
"11/11/2024","1,558.00","1,558.00","1,558.00","1,558.00","","4.21%"
"11/08/2024","1,495.00","1,495.00","1,495.00","1,495.00","","3.03%"
"11/07/2024","1,451.00","1,451.00","1,451.00","1,451.00","","1.68%"
"11/06/2024","1,427.00","1,427.00","1,427.00","1,427.00","","1.57%"
"11/05/2024","1,405.00","1,405.00","1,405.00","1,405.00","","2.26%"
"11/04/2024","1,374.00","1,374.00","1,374.00","1,374.00","","-0.29%"
"11/01/2024","1,378.00","1,378.00","1,378.00","1,378.00","","-0.72%"
"10/31/2024","1,388.00","1,388.00","1,388.00","1,388.00","","-0.50%"
"10/30/2024","1,395.00","1,395.00","1,395.00","1,395.00","","-0.50%"
"10/29/2024","1,402.00","1,402.00","1,402.00","1,402.00","","1.45%"
"10/28/2024","1,382.00","1,382.00","1,382.00","1,382.00","","-1.99%"
"10/25/2024","1,410.00","1,410.00","1,410.00","1,410.00","","-0.49%"
"10/24/2024","1,417.00","1,417.00","1,417.00","1,417.00","","-1.94%"
"10/23/2024","1,445.00","1,445.00","1,445.00","1,445.00","","-2.36%"
"10/22/2024","1,480.00","1,480.00","1,480.00","1,480.00","","-4.27%"
"10/21/2024","1,546.00","1,546.00","1,546.00","1,546.00","","-1.90%"
"10/18/2024","1,576.00","1,576.00","1,576.00","1,576.00","","-1.13%"
"10/17/2024","1,594.00","1,594.00","1,594.00","1,594.00","","-4.89%"
"10/16/2024","1,676.00","1,676.00","1,676.00","1,676.00","","-5.10%"
"10/15/2024","1,766.00","1,766.00","1,766.00","1,766.00","","-2.65%"
"10/14/2024","1,814.00","1,814.00","1,814.00","1,814.00","","0.28%"
"10/11/2024","1,809.00","1,809.00","1,809.00","1,809.00","","1.06%"
"10/10/2024","1,790.00","1,790.00","1,790.00","1,790.00","","-0.50%"
"10/09/2024","1,799.00","1,799.00","1,799.00","1,799.00","","-3.28%"
"10/08/2024","1,860.00","1,860.00","1,860.00","1,860.00","","-2.46%"
"10/07/2024","1,907.00","1,907.00","1,907.00","1,907.00","","-1.09%"
"10/04/2024","1,928.00","1,928.00","1,928.00","1,928.00","","-0.67%"
"10/03/2024","1,941.00","1,941.00","1,941.00","1,941.00","","-1.87%"
"10/02/2024","1,978.00","1,978.00","1,978.00","1,978.00","","-2.56%"
"10/01/2024","2,030.00","2,030.00","2,030.00","2,030.00","","-2.59%"
"09/30/2024","2,084.00","2,084.00","2,084.00","2,084.00","","-1.23%"
"09/27/2024","2,110.00","2,110.00","2,110.00","2,110.00","","0.91%"
"09/26/2024","2,091.00","2,091.00","2,091.00","2,091.00","","3.72%"
"09/25/2024","2,016.00","2,016.00","2,016.00","2,016.00","","0.10%"
"09/24/2024","2,014.00","2,014.00","2,014.00","2,014.00","","0.75%"
"09/23/2024","1,999.00","1,999.00","1,999.00","1,999.00","","1.11%"
"09/20/2024","1,977.00","1,977.00","1,977.00","1,977.00","","0.05%"
"09/19/2024","1,976.00","1,976.00","1,976.00","1,976.00","","4.55%"
"09/18/2024","1,890.00","1,890.00","1,890.00","1,890.00","","-0.58%"
"09/17/2024","1,901.00","1,901.00","1,901.00","1,901.00","","0.26%"
"09/16/2024","1,896.00","1,896.00","1,896.00","1,896.00","","0.32%"
"09/13/2024","1,890.00","1,890.00","1,890.00","1,890.00","","-1.92%"
"09/12/2024","1,927.00","1,927.00","1,927.00","1,927.00","","-1.83%"
"09/11/2024","1,963.00","1,963.00","1,963.00","1,963.00","","1.13%"
"09/10/2024","1,941.00","1,941.00","1,941.00","1,941.00","","-0.87%"
"09/09/2024","1,958.00","1,958.00","1,958.00","1,958.00","","0.88%"
"09/06/2024","1,941.00","1,941.00","1,941.00","1,941.00","","1.15%"
"09/05/2024","1,919.00","1,919.00","1,919.00","1,919.00","","0.89%"
"09/04/2024","1,902.00","1,902.00","1,902.00","1,902.00","","-2.31%"
"09/03/2024","1,947.00","1,947.00","1,947.00","1,947.00","","1.46%"
"09/02/2024","1,919.00","1,919.00","1,919.00","1,919.00","","5.79%"
"08/30/2024","1,814.00","1,814.00","1,814.00","1,814.00","","-0.71%"
"08/29/2024","1,827.00","1,827.00","1,827.00","1,827.00","","4.10%"
"08/28/2024","1,755.00","1,755.00","1,755.00","1,755.00","","1.98%"
"08/27/2024","1,721.00","1,721.00","1,721.00","1,721.00","","-2.33%"
"08/23/2024","1,762.00","1,762.00","1,762.00","1,762.00","","-0.34%"
"08/22/2024","1,768.00","1,768.00","1,768.00","1,768.00","","0.51%"
"08/21/2024","1,759.00","1,759.00","1,759.00","1,759.00","","1.38%"
"08/20/2024","1,735.00","1,735.00","1,735.00","1,735.00","","1.58%"
"08/19/2024","1,708.00","1,708.00","1,708.00","1,708.00","","1.01%"
"08/16/2024","1,691.00","1,691.00","1,691.00","1,691.00","","-0.06%"
"08/15/2024","1,692.00","1,692.00","1,692.00","1,692.00","","-2.08%"
"08/14/2024","1,728.00","1,728.00","1,728.00","1,728.00","","3.47%"
"08/13/2024","1,670.00","1,670.00","1,670.00","1,670.00","","0.91%"
"08/12/2024","1,655.00","1,655.00","1,655.00","1,655.00","","-0.90%"
"08/09/2024","1,670.00","1,670.00","1,670.00","1,670.00","","-0.77%"
"08/08/2024","1,683.00","1,683.00","1,683.00","1,683.00","","-0.88%"
"08/07/2024","1,698.00","1,698.00","1,698.00","1,698.00","","0.77%"
"08/06/2024","1,685.00","1,685.00","1,685.00","1,685.00","","0.48%"
"08/05/2024","1,677.00","1,677.00","1,677.00","1,677.00","","0.12%"
"08/02/2024","1,675.00","1,675.00","1,675.00","1,675.00","","0.42%"
"08/01/2024","1,668.00","1,668.00","1,668.00","1,668.00","","-2.34%"
"07/31/2024","1,708.00","1,708.00","1,708.00","1,708.00","","-3.06%"
"07/30/2024","1,762.00","1,762.00","1,762.00","1,762.00","","-1.95%"
"07/29/2024","1,797.00","1,797.00","1,797.00","1,797.00","","-0.61%"
"07/26/2024","1,808.00","1,808.00","1,808.00","1,808.00","","-1.42%"
"07/25/2024","1,834.00","1,834.00","1,834.00","1,834.00","","-1.61%"
"07/24/2024","1,864.00","1,864.00","1,864.00","1,864.00","","-0.27%"
"07/23/2024","1,869.00","1,869.00","1,869.00","1,869.00","","-1.42%"
"07/22/2024","1,896.00","1,896.00","1,896.00","1,896.00","","-0.32%"
"07/19/2024","1,902.00","1,902.00","1,902.00","1,902.00","","-0.52%"
"07/18/2024","1,912.00","1,912.00","1,912.00","1,912.00","","1.16%"
"07/17/2024","1,890.00","1,890.00","1,890.00","1,890.00","","-2.68%"
"07/16/2024","1,942.00","1,942.00","1,942.00","1,942.00","","-2.56%"
"07/15/2024","1,993.00","1,993.00","1,993.00","1,993.00","","-0.20%"
"07/12/2024","1,997.00","1,997.00","1,997.00","1,997.00","","2.57%"
"07/11/2024","1,947.00","1,947.00","1,947.00","1,947.00","","0.41%"
"07/10/2024","1,939.00","1,939.00","1,939.00","1,939.00","","2.38%"
"07/09/2024","1,894.00","1,894.00","1,894.00","1,894.00","","-2.37%"
"07/08/2024","1,940.00","1,940.00","1,940.00","1,940.00","","-1.32%"
"07/05/2024","1,966.00","1,966.00","1,966.00","1,966.00","","-2.72%"
"07/04/2024","2,021.00","2,021.00","2,021.00","2,021.00","","-2.08%"
"07/03/2024","2,064.00","2,064.00","2,064.00","2,064.00","","-5.28%"
"07/02/2024","2,179.00","2,179.00","2,179.00","2,179.00","","0.97%"
"07/01/2024","2,158.00","2,158.00","2,158.00","2,158.00","","5.27%"
"06/28/2024","2,050.00","2,050.00","2,050.00","2,050.00","","0.94%"
"06/27/2024","2,031.00","2,031.00","2,031.00","2,031.00","","3.41%"
"06/26/2024","1,964.00","1,964.00","1,964.00","1,964.00","","1.97%"
"06/25/2024","1,926.00","1,926.00","1,926.00","1,926.00","","-2.38%"
"06/24/2024","1,973.00","1,973.00","1,973.00","1,973.00","","-1.20%"
"06/21/2024","1,997.00","1,997.00","1,997.00","1,997.00","","0.66%"
"06/20/2024","1,984.00","1,984.00","1,984.00","1,984.00","","2.11%"
"06/19/2024","1,943.00","1,943.00","1,943.00","1,943.00","","-0.92%"
"06/18/2024","1,961.00","1,961.00","1,961.00","1,961.00","","0.67%"
"06/17/2024","1,948.00","1,948.00","1,948.00","1,948.00","","0.00%"
"06/14/2024","1,948.00","1,948.00","1,948.00","1,948.00","","0.31%"
"06/13/2024","1,942.00","1,942.00","1,942.00","1,942.00","","5.77%"
"06/12/2024","1,836.00","1,836.00","1,836.00","1,836.00","","0.27%"
"06/11/2024","1,831.00","1,831.00","1,831.00","1,831.00","","-2.76%"
"06/10/2024","1,883.00","1,883.00","1,883.00","1,883.00","","0.11%"
"06/07/2024","1,881.00","1,881.00","1,881.00","1,881.00","","0.64%"
"06/06/2024","1,869.00","1,869.00","1,869.00","1,869.00","","0.92%"
"06/05/2024","1,852.00","1,852.00","1,852.00","1,852.00","","2.15%"
"06/04/2024","1,813.00","1,813.00","1,813.00","1,813.00","","0.28%"
"06/03/2024","1,808.00","1,808.00","1,808.00","1,808.00","","-0.39%"
"05/31/2024","1,815.00","1,815.00","1,815.00","1,815.00","","0.78%"
"05/30/2024","1,801.00","1,801.00","1,801.00","1,801.00","","0.61%"
"05/29/2024","1,790.00","1,790.00","1,790.00","1,790.00","","0.34%"
"05/28/2024","1,784.00","1,784.00","1,784.00","1,784.00","","-0.72%"
"05/24/2024","1,797.00","1,797.00","1,797.00","1,797.00","","0.06%"
"05/23/2024","1,796.00","1,796.00","1,796.00","1,796.00","","-0.44%"
"05/22/2024","1,804.00","1,804.00","1,804.00","1,804.00","","-1.37%"
"05/21/2024","1,829.00","1,829.00","1,829.00","1,829.00","","-0.97%"
"05/20/2024","1,847.00","1,847.00","1,847.00","1,847.00","","0.16%"
"05/17/2024","1,844.00","1,844.00","1,844.00","1,844.00","","1.49%"
"05/16/2024","1,817.00","1,817.00","1,817.00","1,817.00","","-3.81%"
"05/15/2024","1,889.00","1,889.00","1,889.00","1,889.00","","-5.22%"
"05/14/2024","1,993.00","1,993.00","1,993.00","1,993.00","","-3.53%"
"05/13/2024","2,066.00","2,066.00","2,066.00","2,066.00","","-2.96%"
"05/10/2024","2,129.00","2,129.00","2,129.00","2,129.00","","-1.71%"
"05/09/2024","2,166.00","2,166.00","2,166.00","2,166.00","","-1.68%"
"05/08/2024","2,203.00","2,203.00","2,203.00","2,203.00","","5.76%"
"05/07/2024","2,083.00","2,083.00","2,083.00","2,083.00","","11.03%"
"05/03/2024","1,876.00","1,876.00","1,876.00","1,876.00","","5.75%"
"05/02/2024","1,774.00","1,774.00","1,774.00","1,774.00","","5.09%"
"05/01/2024","1,688.00","1,688.00","1,688.00","1,688.00","","0.18%"
"04/30/2024","1,685.00","1,685.00","1,685.00","1,685.00","","0.06%"
"04/29/2024","1,684.00","1,684.00","1,684.00","1,684.00","","-2.15%"
"04/26/2024","1,721.00","1,721.00","1,721.00","1,721.00","","-1.26%"
"04/25/2024","1,743.00","1,743.00","1,743.00","1,743.00","","-1.75%"
"04/24/2024","1,774.00","1,774.00","1,774.00","1,774.00","","-1.66%"
"04/23/2024","1,804.00","1,804.00","1,804.00","1,804.00","","-4.14%"
"04/22/2024","1,882.00","1,882.00","1,882.00","1,882.00","","-1.93%"
"04/19/2024","1,919.00","1,919.00","1,919.00","1,919.00","","0.95%"
"04/18/2024","1,901.00","1,901.00","1,901.00","1,901.00","","3.09%"
"04/17/2024","1,844.00","1,844.00","1,844.00","1,844.00","","3.65%"
"04/16/2024","1,779.00","1,779.00","1,779.00","1,779.00","","2.83%"
"04/15/2024","1,730.00","1,730.00","1,730.00","1,730.00","","0.06%"
"04/12/2024","1,729.00","1,729.00","1,729.00","1,729.00","","2.31%"
"04/11/2024","1,690.00","1,690.00","1,690.00","1,690.00","","6.49%"
"04/10/2024","1,587.00","1,587.00","1,587.00","1,587.00","","1.08%"
"04/09/2024","1,570.00","1,570.00","1,570.00","1,570.00","","-1.51%"
"04/08/2024","1,594.00","1,594.00","1,594.00","1,594.00","","-2.09%"
"04/05/2024","1,628.00","1,628.00","1,628.00","1,628.00","","-2.46%"
"04/04/2024","1,669.00","1,669.00","1,669.00","1,669.00","","-2.45%"
"04/03/2024","1,711.00","1,711.00","1,711.00","1,711.00","","-0.18%"
"04/02/2024","1,714.00","1,714.00","1,714.00","1,714.00","","-5.88%"
"03/28/2024","1,821.00","1,821.00","1,821.00","1,821.00","","-1.30%"
"03/27/2024","1,845.00","1,845.00","1,845.00","1,845.00","","-7.24%"
"03/26/2024","1,989.00","1,989.00","1,989.00","1,989.00","","-6.31%"
"03/25/2024","2,123.00","2,123.00","2,123.00","2,123.00","","-3.32%"
"03/22/2024","2,196.00","2,196.00","2,196.00","2,196.00","","-1.96%"
"03/21/2024","2,240.00","2,240.00","2,240.00","2,240.00","","-1.93%"
"03/20/2024","2,284.00","2,284.00","2,284.00","2,284.00","","-4.52%"
"03/19/2024","2,392.00","2,392.00","2,392.00","2,392.00","","-1.12%"
"03/18/2024","2,419.00","2,419.00","2,419.00","2,419.00","","1.90%"
"03/15/2024","2,374.00","2,374.00","2,374.00","2,374.00","","1.02%"
"03/14/2024","2,350.00","2,350.00","2,350.00","2,350.00","","-0.84%"
"03/13/2024","2,370.00","2,370.00","2,370.00","2,370.00","","2.38%"
"03/12/2024","2,315.00","2,315.00","2,315.00","2,315.00","","-2.61%"
"03/11/2024","2,377.00","2,377.00","2,377.00","2,377.00","","1.36%"
"03/08/2024","2,345.00","2,345.00","2,345.00","2,345.00","","4.18%"
"03/07/2024","2,251.00","2,251.00","2,251.00","2,251.00","","3.45%"
"03/06/2024","2,176.00","2,176.00","2,176.00","2,176.00","","-5.02%"
"03/05/2024","2,291.00","2,291.00","2,291.00","2,291.00","","-0.26%"
"03/04/2024","2,297.00","2,297.00","2,297.00","2,297.00","","4.27%"
"03/01/2024","2,203.00","2,203.00","2,203.00","2,203.00","","4.36%"
"02/29/2024","2,111.00","2,111.00","2,111.00","2,111.00","","3.43%"
"02/28/2024","2,041.00","2,041.00","2,041.00","2,041.00","","7.48%"
"02/27/2024","1,899.00","1,899.00","1,899.00","1,899.00","","1.50%"
"02/26/2024","1,871.00","1,871.00","1,871.00","1,871.00","","0.27%"
"02/23/2024","1,866.00","1,866.00","1,866.00","1,866.00","","6.51%"
"02/22/2024","1,752.00","1,752.00","1,752.00","1,752.00","","4.53%"
"02/21/2024","1,676.00","1,676.00","1,676.00","1,676.00","","2.70%"
"02/20/2024","1,632.00","1,632.00","1,632.00","1,632.00","","0.18%"
"02/19/2024","1,629.00","1,629.00","1,629.00","1,629.00","","1.18%"
"02/16/2024","1,610.00","1,610.00","1,610.00","1,610.00","","1.83%"
"02/15/2024","1,581.00","1,581.00","1,581.00","1,581.00","","-0.06%"
"02/14/2024","1,582.00","1,582.00","1,582.00","1,582.00","","-0.19%"
"02/13/2024","1,585.00","1,585.00","1,585.00","1,585.00","","0.83%"
"02/12/2024","1,572.00","1,572.00","1,572.00","1,572.00","","1.75%"
"02/09/2024","1,545.00","1,545.00","1,545.00","1,545.00","","4.89%"
"02/08/2024","1,473.00","1,473.00","1,473.00","1,473.00","","-0.94%"
"02/07/2024","1,487.00","1,487.00","1,487.00","1,487.00","","-1.91%"
"02/06/2024","1,516.00","1,516.00","1,516.00","1,516.00","","5.57%"
"02/05/2024","1,436.00","1,436.00","1,436.00","1,436.00","","2.06%"
"02/02/2024","1,407.00","1,407.00","1,407.00","1,407.00","","1.37%"
"02/01/2024","1,388.00","1,388.00","1,388.00","1,388.00","","-0.72%"
"01/31/2024","1,398.00","1,398.00","1,398.00","1,398.00","","0.07%"
"01/30/2024","1,397.00","1,397.00","1,397.00","1,397.00","","-4.32%"
"01/29/2024","1,460.00","1,460.00","1,460.00","1,460.00","","-3.82%"
"01/26/2024","1,518.00","1,518.00","1,518.00","1,518.00","","1.27%"
"01/25/2024","1,499.00","1,499.00","1,499.00","1,499.00","","-0.53%"
"01/24/2024","1,507.00","1,507.00","1,507.00","1,507.00","","2.31%"
"01/23/2024","1,473.00","1,473.00","1,473.00","1,473.00","","-2.96%"
"01/22/2024","1,518.00","1,518.00","1,518.00","1,518.00","","1.00%"
"01/19/2024","1,503.00","1,503.00","1,503.00","1,503.00","","10.76%"
"01/18/2024","1,357.00","1,357.00","1,357.00","1,357.00","","3.75%"
"01/17/2024","1,308.00","1,308.00","1,308.00","1,308.00","","-1.21%"
"01/16/2024","1,324.00","1,324.00","1,324.00","1,324.00","","-2.65%"
"01/15/2024","1,360.00","1,360.00","1,360.00","1,360.00","","-6.85%"
"01/12/2024","1,460.00","1,460.00","1,460.00","1,460.00","","-6.05%"
"01/11/2024","1,554.00","1,554.00","1,554.00","1,554.00","","-6.61%"
"01/10/2024","1,664.00","1,664.00","1,664.00","1,664.00","","-11.25%"
"01/09/2024","1,875.00","1,875.00","1,875.00","1,875.00","","-7.27%"
"01/08/2024","2,022.00","2,022.00","2,022.00","2,022.00","","-4.17%"
"01/05/2024","2,110.00","2,110.00","2,110.00","2,110.00","","1.15%"
"01/04/2024","2,086.00","2,086.00","2,086.00","2,086.00","","-0.24%"
"01/03/2024","2,091.00","2,091.00","2,091.00","2,091.00","","-0.10%"
"01/02/2024","2,093.00","2,093.00","2,093.00","2,093.00","","-0.05%"
"12/22/2023","2,094.00","2,094.00","2,094.00","2,094.00","","0.34%"
"12/21/2023","2,087.00","2,087.00","2,087.00","2,087.00","","-2.93%"
"12/20/2023","2,150.00","2,150.00","2,150.00","2,150.00","","-3.11%"
"12/19/2023","2,219.00","2,219.00","2,219.00","2,219.00","","-3.02%"
"12/18/2023","2,288.00","2,288.00","2,288.00","2,288.00","","-2.56%"
"12/15/2023","2,348.00","2,348.00","2,348.00","2,348.00","","-2.61%"
"12/14/2023","2,411.00","2,411.00","2,411.00","2,411.00","","-1.11%"
"12/13/2023","2,438.00","2,438.00","2,438.00","2,438.00","","-4.43%"
"12/12/2023","2,551.00","2,551.00","2,551.00","2,551.00","","1.67%"
"12/11/2023","2,509.00","2,509.00","2,509.00","2,509.00","","1.05%"
"12/08/2023","2,483.00","2,483.00","2,483.00","2,483.00","","-0.48%"
"12/07/2023","2,495.00","2,495.00","2,495.00","2,495.00","","-12.39%"
"12/06/2023","2,848.00","2,848.00","2,848.00","2,848.00","","-9.39%"
"12/05/2023","3,143.00","3,143.00","3,143.00","3,143.00","","-6.07%"
"12/04/2023","3,346.00","3,346.00","3,346.00","3,346.00","","4.82%"
"12/01/2023","3,192.00","3,192.00","3,192.00","3,192.00","","8.68%"
"11/30/2023","2,937.00","2,937.00","2,937.00","2,937.00","","8.94%"
"11/29/2023","2,696.00","2,696.00","2,696.00","2,696.00","","12.76%"
"11/28/2023","2,391.00","2,391.00","2,391.00","2,391.00","","5.84%"
"11/27/2023","2,259.00","2,259.00","2,259.00","2,259.00","","7.47%"
"11/24/2023","2,102.00","2,102.00","2,102.00","2,102.00","","13.32%"
"11/23/2023","1,855.00","1,855.00","1,855.00","1,855.00","","5.70%"
"11/22/2023","1,755.00","1,755.00","1,755.00","1,755.00","","-2.28%"
"11/21/2023","1,796.00","1,796.00","1,796.00","1,796.00","","-1.16%"
"11/20/2023","1,817.00","1,817.00","1,817.00","1,817.00","","-0.16%"
"11/17/2023","1,820.00","1,820.00","1,820.00","1,820.00","","3.53%"
"11/16/2023","1,758.00","1,758.00","1,758.00","1,758.00","","4.15%"
"11/15/2023","1,688.00","1,688.00","1,688.00","1,688.00","","1.56%"
"11/14/2023","1,662.00","1,662.00","1,662.00","1,662.00","","0.42%"
"11/13/2023","1,655.00","1,655.00","1,655.00","1,655.00","","0.73%"
"11/10/2023","1,643.00","1,643.00","1,643.00","1,643.00","","2.82%"
"11/09/2023","1,598.00","1,598.00","1,598.00","1,598.00","","4.44%"
"11/08/2023","1,530.00","1,530.00","1,530.00","1,530.00","","-1.86%"
"11/07/2023","1,559.00","1,559.00","1,559.00","1,559.00","","2.36%"
"11/06/2023","1,523.00","1,523.00","1,523.00","1,523.00","","4.17%"
"11/03/2023","1,462.00","1,462.00","1,462.00","1,462.00","","5.56%"
"11/02/2023","1,385.00","1,385.00","1,385.00","1,385.00","","-1.14%"
"11/01/2023","1,401.00","1,401.00","1,401.00","1,401.00","","-3.98%"
"10/31/2023","1,459.00","1,459.00","1,459.00","1,459.00","","-2.86%"
"10/30/2023","1,502.00","1,502.00","1,502.00","1,502.00","","-3.90%"
"10/27/2023","1,563.00","1,563.00","1,563.00","1,563.00","","-5.96%"
"10/26/2023","1,662.00","1,662.00","1,662.00","1,662.00","","-9.28%"
"10/25/2023","1,832.00","1,832.00","1,832.00","1,832.00","","-6.00%"
"10/24/2023","1,949.00","1,949.00","1,949.00","1,949.00","","-3.37%"
"10/23/2023","2,017.00","2,017.00","2,017.00","2,017.00","","-1.42%"
"10/20/2023","2,046.00","2,046.00","2,046.00","2,046.00","","-1.21%"
"10/19/2023","2,071.00","2,071.00","2,071.00","2,071.00","","-1.62%"
"10/18/2023","2,105.00","2,105.00","2,105.00","2,105.00","","2.28%"
"10/17/2023","2,058.00","2,058.00","2,058.00","2,058.00","","4.36%"
"10/16/2023","1,972.00","1,972.00","1,972.00","1,972.00","","1.39%"
"10/13/2023","1,945.00","1,945.00","1,945.00","1,945.00","","0.52%"
"10/12/2023","1,935.00","1,935.00","1,935.00","1,935.00","","-0.67%"
"10/11/2023","1,948.00","1,948.00","1,948.00","1,948.00","","-1.77%"
"10/10/2023","1,983.00","1,983.00","1,983.00","1,983.00","","-0.40%"
"10/09/2023","1,991.00","1,991.00","1,991.00","1,991.00","","3.21%"
"10/06/2023","1,929.00","1,929.00","1,929.00","1,929.00","","5.58%"
"10/05/2023","1,827.00","1,827.00","1,827.00","1,827.00","","2.76%"
"10/04/2023","1,778.00","1,778.00","1,778.00","1,778.00","","-0.11%"
"10/03/2023","1,780.00","1,780.00","1,780.00","1,780.00","","2.48%"
"10/02/2023","1,737.00","1,737.00","1,737.00","1,737.00","","2.12%"
"09/29/2023","1,701.00","1,701.00","1,701.00","1,701.00","","-0.87%"
"09/28/2023","1,716.00","1,716.00","1,716.00","1,716.00","","-2.05%"
"09/27/2023","1,752.00","1,752.00","1,752.00","1,752.00","","3.42%"
"09/26/2023","1,694.00","1,694.00","1,694.00","1,694.00","","4.96%"
"09/25/2023","1,614.00","1,614.00","1,614.00","1,614.00","","1.32%"
"09/22/2023","1,593.00","1,593.00","1,593.00","1,593.00","","1.53%"
"09/21/2023","1,569.00","1,569.00","1,569.00","1,569.00","","-0.95%"
"09/20/2023","1,584.00","1,584.00","1,584.00","1,584.00","","3.80%"
"09/19/2023","1,526.00","1,526.00","1,526.00","1,526.00","","6.05%"
"09/18/2023","1,439.00","1,439.00","1,439.00","1,439.00","","4.20%"
"09/15/2023","1,381.00","1,381.00","1,381.00","1,381.00","","3.06%"
"09/14/2023","1,340.00","1,340.00","1,340.00","1,340.00","","3.88%"
"09/13/2023","1,290.00","1,290.00","1,290.00","1,290.00","","4.45%"
"09/12/2023","1,235.00","1,235.00","1,235.00","1,235.00","","2.15%"
"09/11/2023","1,209.00","1,209.00","1,209.00","1,209.00","","1.94%"
"09/08/2023","1,186.00","1,186.00","1,186.00","1,186.00","","3.94%"
"09/07/2023","1,141.00","1,141.00","1,141.00","1,141.00","","5.55%"
"09/06/2023","1,081.00","1,081.00","1,081.00","1,081.00","","1.69%"
"09/05/2023","1,063.00","1,063.00","1,063.00","1,063.00","","-1.85%"
"09/04/2023","1,083.00","1,083.00","1,083.00","1,083.00","","1.69%"
"09/01/2023","1,065.00","1,065.00","1,065.00","1,065.00","","-1.93%"
"08/31/2023","1,086.00","1,086.00","1,086.00","1,086.00","","-0.73%"
"08/30/2023","1,094.00","1,094.00","1,094.00","1,094.00","","-1.17%"
"08/29/2023","1,107.00","1,107.00","1,107.00","1,107.00","","2.50%"
"08/25/2023","1,080.00","1,080.00","1,080.00","1,080.00","","-2.70%"
"08/24/2023","1,110.00","1,110.00","1,110.00","1,110.00","","-3.56%"
"08/23/2023","1,151.00","1,151.00","1,151.00","1,151.00","","-3.60%"
"08/22/2023","1,194.00","1,194.00","1,194.00","1,194.00","","-2.37%"
"08/21/2023","1,223.00","1,223.00","1,223.00","1,223.00","","-1.13%"
"08/18/2023","1,237.00","1,237.00","1,237.00","1,237.00","","-0.80%"
"08/17/2023","1,247.00","1,247.00","1,247.00","1,247.00","","1.14%"
"08/16/2023","1,233.00","1,233.00","1,233.00","1,233.00","","5.75%"
"08/15/2023","1,166.00","1,166.00","1,166.00","1,166.00","","2.73%"
"08/14/2023","1,135.00","1,135.00","1,135.00","1,135.00","","0.53%"
"08/11/2023","1,129.00","1,129.00","1,129.00","1,129.00","","-0.70%"
"08/10/2023","1,137.00","1,137.00","1,137.00","1,137.00","","-0.61%"
"08/09/2023","1,144.00","1,144.00","1,144.00","1,144.00","","0.18%"
"08/08/2023","1,142.00","1,142.00","1,142.00","1,142.00","","-0.26%"
"08/07/2023","1,145.00","1,145.00","1,145.00","1,145.00","","0.79%"
"08/04/2023","1,136.00","1,136.00","1,136.00","1,136.00","","0.71%"
"08/03/2023","1,128.00","1,128.00","1,128.00","1,128.00","","0.45%"
"08/02/2023","1,123.00","1,123.00","1,123.00","1,123.00","","-2.35%"
"08/01/2023","1,150.00","1,150.00","1,150.00","1,150.00","","2.04%"
"07/31/2023","1,127.00","1,127.00","1,127.00","1,127.00","","1.53%"
"07/28/2023","1,110.00","1,110.00","1,110.00","1,110.00","","1.19%"
"07/27/2023","1,097.00","1,097.00","1,097.00","1,097.00","","2.81%"
"07/26/2023","1,067.00","1,067.00","1,067.00","1,067.00","","10.91%"
"07/25/2023","962.00","962.00","962.00","962.00","","-0.52%"
"07/24/2023","967.00","967.00","967.00","967.00","","-1.12%"
"07/21/2023","978.00","978.00","978.00","978.00","","0.10%"
"07/20/2023","977.00","977.00","977.00","977.00","","-2.69%"
"07/19/2023","1,004.00","1,004.00","1,004.00","1,004.00","","-3.18%"
"07/18/2023","1,037.00","1,037.00","1,037.00","1,037.00","","-3.36%"
"07/17/2023","1,073.00","1,073.00","1,073.00","1,073.00","","-1.56%"
"07/14/2023","1,090.00","1,090.00","1,090.00","1,090.00","","-1.18%"
"07/13/2023","1,103.00","1,103.00","1,103.00","1,103.00","","1.38%"
"07/12/2023","1,088.00","1,088.00","1,088.00","1,088.00","","5.43%"
"07/11/2023","1,032.00","1,032.00","1,032.00","1,032.00","","0.78%"
"07/10/2023","1,024.00","1,024.00","1,024.00","1,024.00","","1.49%"
"07/07/2023","1,009.00","1,009.00","1,009.00","1,009.00","","1.61%"
"07/06/2023","993.00","993.00","993.00","993.00","","-0.10%"
"07/05/2023","994.00","994.00","994.00","994.00","","-4.79%"
"07/04/2023","1,044.00","1,044.00","1,044.00","1,044.00","","-2.25%"
"07/03/2023","1,068.00","1,068.00","1,068.00","1,068.00","","-2.11%"
"06/30/2023","1,091.00","1,091.00","1,091.00","1,091.00","","-1.89%"
"06/29/2023","1,112.00","1,112.00","1,112.00","1,112.00","","-2.28%"
"06/28/2023","1,138.00","1,138.00","1,138.00","1,138.00","","-3.80%"
"06/27/2023","1,183.00","1,183.00","1,183.00","1,183.00","","-4.06%"
"06/26/2023","1,233.00","1,233.00","1,233.00","1,233.00","","-0.56%"
"06/23/2023","1,240.00","1,240.00","1,240.00","1,240.00","","1.97%"
"06/22/2023","1,216.00","1,216.00","1,216.00","1,216.00","","6.85%"
"06/21/2023","1,138.00","1,138.00","1,138.00","1,138.00","","5.57%"
"06/20/2023","1,078.00","1,078.00","1,078.00","1,078.00","","1.22%"
"06/19/2023","1,065.00","1,065.00","1,065.00","1,065.00","","-1.02%"
"06/16/2023","1,076.00","1,076.00","1,076.00","1,076.00","","-1.65%"
"06/15/2023","1,094.00","1,094.00","1,094.00","1,094.00","","1.39%"
"06/14/2023","1,079.00","1,079.00","1,079.00","1,079.00","","0.47%"
"06/13/2023","1,074.00","1,074.00","1,074.00","1,074.00","","1.70%"
"06/12/2023","1,056.00","1,056.00","1,056.00","1,056.00","","0.09%"
"06/09/2023","1,055.00","1,055.00","1,055.00","1,055.00","","1.44%"
"06/08/2023","1,040.00","1,040.00","1,040.00","1,040.00","","1.96%"
"06/07/2023","1,020.00","1,020.00","1,020.00","1,020.00","","0.39%"
"06/06/2023","1,016.00","1,016.00","1,016.00","1,016.00","","8.20%"
"06/05/2023","939.00","939.00","939.00","939.00","","2.18%"
"06/02/2023","919.00","919.00","919.00","919.00","","-1.92%"
"06/01/2023","937.00","937.00","937.00","937.00","","-4.09%"
"05/31/2023","977.00","977.00","977.00","977.00","","-13.00%"
"05/30/2023","1,123.00","1,123.00","1,123.00","1,123.00","","-4.18%"
"05/26/2023","1,172.00","1,172.00","1,172.00","1,172.00","","-3.54%"
"05/25/2023","1,215.00","1,215.00","1,215.00","1,215.00","","-6.18%"
"05/24/2023","1,295.00","1,295.00","1,295.00","1,295.00","","-3.93%"
"05/23/2023","1,348.00","1,348.00","1,348.00","1,348.00","","-1.25%"
"05/22/2023","1,365.00","1,365.00","1,365.00","1,365.00","","-1.37%"
"05/19/2023","1,384.00","1,384.00","1,384.00","1,384.00","","-1.28%"
"05/18/2023","1,402.00","1,402.00","1,402.00","1,402.00","","-1.61%"
"05/17/2023","1,425.00","1,425.00","1,425.00","1,425.00","","-3.46%"
"05/16/2023","1,476.00","1,476.00","1,476.00","1,476.00","","-3.02%"
"05/15/2023","1,522.00","1,522.00","1,522.00","1,522.00","","-2.31%"
"05/12/2023","1,558.00","1,558.00","1,558.00","1,558.00","","-3.11%"
"05/11/2023","1,608.00","1,608.00","1,608.00","1,608.00","","-1.95%"
"05/10/2023","1,640.00","1,640.00","1,640.00","1,640.00","","2.63%"
"05/09/2023","1,598.00","1,598.00","1,598.00","1,598.00","","2.57%"
"05/05/2023","1,558.00","1,558.00","1,558.00","1,558.00","","0.84%"
"05/04/2023","1,545.00","1,545.00","1,545.00","1,545.00","","-0.83%"
"05/03/2023","1,558.00","1,558.00","1,558.00","1,558.00","","0.39%"
"05/02/2023","1,552.00","1,552.00","1,552.00","1,552.00","","-1.52%"
"04/28/2023","1,576.00","1,576.00","1,576.00","1,576.00","","-0.32%"
"04/27/2023","1,581.00","1,581.00","1,581.00","1,581.00","","2.93%"
"04/26/2023","1,536.00","1,536.00","1,536.00","1,536.00","","1.72%"
"04/25/2023","1,510.00","1,510.00","1,510.00","1,510.00","","-0.46%"
"04/24/2023","1,517.00","1,517.00","1,517.00","1,517.00","","0.86%"
"04/21/2023","1,504.00","1,504.00","1,504.00","1,504.00","","5.03%"
"04/20/2023","1,432.00","1,432.00","1,432.00","1,432.00","","4.37%"
"04/19/2023","1,372.00","1,372.00","1,372.00","1,372.00","","0.29%"
"04/18/2023","1,368.00","1,368.00","1,368.00","1,368.00","","-3.12%"
"04/17/2023","1,412.00","1,412.00","1,412.00","1,412.00","","-1.60%"
"04/14/2023","1,435.00","1,435.00","1,435.00","1,435.00","","-1.91%"
"04/13/2023","1,463.00","1,463.00","1,463.00","1,463.00","","0.00%"
"04/12/2023","1,463.00","1,463.00","1,463.00","1,463.00","","-2.92%"
"04/11/2023","1,507.00","1,507.00","1,507.00","1,507.00","","-3.40%"
"04/06/2023","1,560.00","1,560.00","1,560.00","1,560.00","","2.30%"
"04/05/2023","1,525.00","1,525.00","1,525.00","1,525.00","","3.53%"
"04/04/2023","1,473.00","1,473.00","1,473.00","1,473.00","","4.32%"
"04/03/2023","1,412.00","1,412.00","1,412.00","1,412.00","","1.66%"
"03/31/2023","1,389.00","1,389.00","1,389.00","1,389.00","","-1.00%"
"03/30/2023","1,403.00","1,403.00","1,403.00","1,403.00","","-0.28%"
"03/29/2023","1,407.00","1,407.00","1,407.00","1,407.00","","0.36%"
"03/28/2023","1,402.00","1,402.00","1,402.00","1,402.00","","-3.71%"
"03/27/2023","1,456.00","1,456.00","1,456.00","1,456.00","","-2.22%"
"03/24/2023","1,489.00","1,489.00","1,489.00","1,489.00","","0.34%"
"03/23/2023","1,484.00","1,484.00","1,484.00","1,484.00","","1.92%"
"03/22/2023","1,456.00","1,456.00","1,456.00","1,456.00","","-3.70%"
"03/21/2023","1,512.00","1,512.00","1,512.00","1,512.00","","-1.95%"
"03/20/2023","1,542.00","1,542.00","1,542.00","1,542.00","","0.46%"
"03/17/2023","1,535.00","1,535.00","1,535.00","1,535.00","","-1.60%"
"03/16/2023","1,560.00","1,560.00","1,560.00","1,560.00","","-2.68%"
"03/15/2023","1,603.00","1,603.00","1,603.00","1,603.00","","1.01%"
"03/14/2023","1,587.00","1,587.00","1,587.00","1,587.00","","8.33%"
"03/13/2023","1,465.00","1,465.00","1,465.00","1,465.00","","2.88%"
"03/10/2023","1,424.00","1,424.00","1,424.00","1,424.00","","3.26%"
"03/09/2023","1,379.00","1,379.00","1,379.00","1,379.00","","3.92%"
"03/08/2023","1,327.00","1,327.00","1,327.00","1,327.00","","2.23%"
"03/07/2023","1,298.00","1,298.00","1,298.00","1,298.00","","3.18%"
"03/06/2023","1,258.00","1,258.00","1,258.00","1,258.00","","3.88%"
"03/03/2023","1,211.00","1,211.00","1,211.00","1,211.00","","5.76%"
"03/02/2023","1,145.00","1,145.00","1,145.00","1,145.00","","4.19%"
"03/01/2023","1,099.00","1,099.00","1,099.00","1,099.00","","11.01%"
"02/28/2023","990.00","990.00","990.00","990.00","","5.88%"
"02/27/2023","935.00","935.00","935.00","935.00","","5.89%"
"02/24/2023","883.00","883.00","883.00","883.00","","8.21%"
"02/23/2023","816.00","816.00","816.00","816.00","","21.07%"
"02/22/2023","674.00","674.00","674.00","674.00","","13.47%"
"02/21/2023","594.00","594.00","594.00","594.00","","7.61%"
"02/20/2023","552.00","552.00","552.00","552.00","","2.60%"
"02/17/2023","538.00","538.00","538.00","538.00","","1.51%"
"02/16/2023","530.00","530.00","530.00","530.00","","-2.03%"
"02/15/2023","541.00","541.00","541.00","541.00","","-3.91%"
"02/14/2023","563.00","563.00","563.00","563.00","","-8.60%"
"02/13/2023","616.00","616.00","616.00","616.00","","2.33%"
"02/10/2023","602.00","602.00","602.00","602.00","","1.69%"
"02/09/2023","592.00","592.00","592.00","592.00","","-1.82%"
"02/08/2023","603.00","603.00","603.00","603.00","","0.33%"
"02/07/2023","601.00","601.00","601.00","601.00","","-1.15%"
"02/06/2023","608.00","608.00","608.00","608.00","","-2.09%"
"02/03/2023","621.00","621.00","621.00","621.00","","-2.97%"
"02/02/2023","640.00","640.00","640.00","640.00","","-4.19%"
"02/01/2023","668.00","668.00","668.00","668.00","","-1.91%"
"01/31/2023","681.00","681.00","681.00","681.00","","0.15%"
"01/30/2023","680.00","680.00","680.00","680.00","","0.59%"
"01/27/2023","676.00","676.00","676.00","676.00","","-0.15%"
"01/26/2023","677.00","677.00","677.00","677.00","","-3.70%"
"01/25/2023","703.00","703.00","703.00","703.00","","-2.50%"
"01/24/2023","721.00","721.00","721.00","721.00","","-2.57%"
"01/23/2023","740.00","740.00","740.00","740.00","","-3.01%"
"01/20/2023","763.00","763.00","763.00","763.00","","-4.74%"
"01/19/2023","801.00","801.00","801.00","801.00","","-8.35%"
"01/18/2023","874.00","874.00","874.00","874.00","","-5.10%"
"01/17/2023","921.00","921.00","921.00","921.00","","-2.64%"
"01/16/2023","946.00","946.00","946.00","946.00","","0.00%"
"01/13/2023","946.00","946.00","946.00","946.00","","-3.07%"
"01/12/2023","976.00","976.00","976.00","976.00","","-6.42%"
"01/11/2023","1,043.00","1,043.00","1,043.00","1,043.00","","-4.84%"
"01/10/2023","1,096.00","1,096.00","1,096.00","1,096.00","","-3.78%"
"01/09/2023","1,139.00","1,139.00","1,139.00","1,139.00","","0.80%"
"01/06/2023","1,130.00","1,130.00","1,130.00","1,130.00","","-1.40%"
"01/05/2023","1,146.00","1,146.00","1,146.00","1,146.00","","-2.55%"
"01/04/2023","1,176.00","1,176.00","1,176.00","1,176.00","","-5.92%"
"01/03/2023","1,250.00","1,250.00","1,250.00","1,250.00","","-17.49%"
"12/23/2022","1,515.00","1,515.00","1,515.00","1,515.00","","-8.18%"
"12/22/2022","1,650.00","1,650.00","1,650.00","1,650.00","","-4.24%"
"12/21/2022","1,723.00","1,723.00","1,723.00","1,723.00","","7.96%"
"12/20/2022","1,596.00","1,596.00","1,596.00","1,596.00","","3.10%"
"12/19/2022","1,548.00","1,548.00","1,548.00","1,548.00","","-0.77%"
"12/16/2022","1,560.00","1,560.00","1,560.00","1,560.00","","2.09%"
"12/15/2022","1,528.00","1,528.00","1,528.00","1,528.00","","9.06%"
"12/14/2022","1,401.00","1,401.00","1,401.00","1,401.00","","3.24%"
"12/13/2022","1,357.00","1,357.00","1,357.00","1,357.00","","-0.29%"
"12/12/2022","1,361.00","1,361.00","1,361.00","1,361.00","","-1.80%"
"12/09/2022","1,386.00","0.00","0.00","0.00","","0.07%"
"12/08/2022","1,385.00","1,385.00","1,385.00","1,385.00","","0.87%"
"12/07/2022","1,373.00","1,373.00","1,373.00","1,373.00","","2.46%"
"12/06/2022","1,340.00","1,340.00","1,340.00","1,340.00","","1.28%"
"12/05/2022","1,323.00","1,323.00","1,323.00","1,323.00","","-0.08%"
"12/02/2022","1,324.00","1,324.00","1,324.00","1,324.00","","-1.05%"
"12/01/2022","1,338.00","1,338.00","1,338.00","1,338.00","","-1.25%"
"11/30/2022","1,355.00","1,355.00","1,355.00","1,355.00","","2.11%"
"11/29/2022","1,327.00","1,327.00","1,327.00","1,327.00","","-1.48%"
"11/28/2022","1,347.00","1,347.00","1,347.00","1,347.00","","1.74%"
"11/25/2022","1,324.00","1,324.00","1,324.00","1,324.00","","6.60%"
"11/24/2022","1,242.00","1,242.00","1,242.00","1,242.00","","4.90%"
"11/23/2022","1,184.00","1,184.00","1,184.00","1,184.00","","3.05%"
"11/22/2022","1,149.00","1,149.00","1,149.00","1,149.00","","-2.38%"
"11/21/2022","1,177.00","1,177.00","1,177.00","1,177.00","","-1.01%"
"11/18/2022","1,189.00","1,189.00","1,189.00","1,189.00","","-3.18%"
"11/17/2022","1,228.00","1,228.00","1,228.00","1,228.00","","-4.66%"
"11/16/2022","1,288.00","1,288.00","1,288.00","1,288.00","","-0.92%"
"11/15/2022","1,300.00","1,300.00","1,300.00","1,300.00","","-1.89%"
"11/14/2022","1,325.00","1,325.00","1,325.00","1,325.00","","-2.21%"
"11/11/2022","1,355.00","1,355.00","1,355.00","1,355.00","","-2.52%"
"11/10/2022","1,390.00","1,390.00","1,390.00","1,390.00","","-0.22%"
"11/09/2022","1,393.00","1,393.00","1,393.00","1,393.00","","2.73%"
"11/08/2022","1,356.00","1,356.00","1,356.00","1,356.00","","1.42%"
"11/07/2022","1,337.00","1,337.00","1,337.00","1,337.00","","1.06%"
"11/04/2022","1,323.00","1,323.00","1,323.00","1,323.00","","2.56%"
"11/03/2022","1,290.00","1,290.00","1,290.00","1,290.00","","-2.35%"
"11/02/2022","1,321.00","1,321.00","1,321.00","1,321.00","","-4.07%"
"11/01/2022","1,377.00","1,377.00","1,377.00","1,377.00","","-5.88%"
"10/31/2022","1,463.00","1,463.00","1,463.00","1,463.00","","-4.63%"
"10/28/2022","1,534.00","1,534.00","1,534.00","1,534.00","","-4.84%"
"10/27/2022","1,612.00","1,612.00","1,612.00","1,612.00","","-5.51%"
"10/26/2022","1,706.00","1,706.00","1,706.00","1,706.00","","-2.79%"
"10/25/2022","1,755.00","1,755.00","1,755.00","1,755.00","","-2.34%"
"10/24/2022","1,797.00","1,797.00","1,797.00","1,797.00","","-1.21%"
"10/21/2022","1,819.00","1,819.00","1,819.00","1,819.00","","-0.98%"
"10/20/2022","1,837.00","1,837.00","1,837.00","1,837.00","","-1.82%"
"10/19/2022","1,871.00","1,871.00","1,871.00","1,871.00","","-0.21%"
"10/18/2022","1,875.00","1,875.00","1,875.00","1,875.00","","1.74%"
"10/17/2022","1,843.00","1,843.00","1,843.00","1,843.00","","0.27%"
"10/14/2022","1,838.00","1,838.00","1,838.00","1,838.00","","1.10%"
"10/13/2022","1,818.00","1,818.00","1,818.00","1,818.00","","-2.94%"
"10/12/2022","1,873.00","1,873.00","1,873.00","1,873.00","","-1.63%"
"10/11/2022","1,904.00","1,904.00","1,904.00","1,904.00","","-2.06%"
"10/10/2022","1,944.00","1,944.00","1,944.00","1,944.00","","-0.87%"
"10/07/2022","1,961.00","1,961.00","1,961.00","1,961.00","","-1.56%"
"10/06/2022","1,992.00","1,992.00","1,992.00","1,992.00","","-0.20%"
"10/05/2022","1,996.00","1,996.00","1,996.00","1,996.00","","7.02%"
"10/04/2022","1,865.00","1,865.00","1,865.00","1,865.00","","4.31%"
"10/03/2022","1,788.00","1,788.00","1,788.00","1,788.00","","1.59%"
"09/30/2022","1,760.00","1,760.00","1,760.00","1,760.00","","0.17%"
"09/29/2022","1,757.00","1,757.00","1,757.00","1,757.00","","-2.33%"
"09/28/2022","1,799.00","1,799.00","1,799.00","1,799.00","","-0.44%"
"09/27/2022","1,807.00","1,807.00","1,807.00","1,807.00","","-0.33%"
"09/26/2022","1,813.00","1,813.00","1,813.00","1,813.00","","-0.17%"
"09/23/2022","1,816.00","1,816.00","1,816.00","1,816.00","","5.58%"
"09/22/2022","1,720.00","1,720.00","1,720.00","1,720.00","","-1.49%"
"09/21/2022","1,746.00","1,746.00","1,746.00","1,746.00","","0.98%"
"09/20/2022","1,729.00","1,729.00","1,729.00","1,729.00","","11.33%"
"09/16/2022","1,553.00","1,553.00","1,553.00","1,553.00","","-3.66%"
"09/15/2022","1,612.00","1,612.00","1,612.00","1,612.00","","1.07%"
"09/14/2022","1,595.00","1,595.00","1,595.00","1,595.00","","13.28%"
"09/13/2022","1,408.00","1,408.00","1,408.00","1,408.00","","12.10%"
"09/12/2022","1,256.00","1,256.00","1,256.00","1,256.00","","3.54%"
"09/09/2022","1,213.00","1,213.00","1,213.00","1,213.00","","2.97%"
"09/08/2022","1,178.00","1,178.00","1,178.00","1,178.00","","3.97%"
"09/07/2022","1,133.00","1,133.00","1,133.00","1,133.00","","1.71%"
"09/06/2022","1,114.00","1,114.00","1,114.00","1,114.00","","-1.68%"
"09/05/2022","1,133.00","1,133.00","1,133.00","1,133.00","","4.33%"
"09/02/2022","1,086.00","1,086.00","1,086.00","1,086.00","","8.38%"
"09/01/2022","1,002.00","1,002.00","1,002.00","1,002.00","","3.83%"
"08/31/2022","965.00","965.00","965.00","965.00","","-5.11%"
"08/30/2022","1,017.00","1,017.00","1,017.00","1,017.00","","-6.01%"
"08/26/2022","1,082.00","1,082.00","1,082.00","1,082.00","","-3.65%"
"08/25/2022","1,123.00","1,123.00","1,123.00","1,123.00","","-7.42%"
"08/24/2022","1,213.00","1,213.00","1,213.00","1,213.00","","-4.56%"
"08/23/2022","1,271.00","1,271.00","1,271.00","1,271.00","","0.08%"
"08/22/2022","1,270.00","1,270.00","1,270.00","1,270.00","","-0.70%"
"08/19/2022","1,279.00","1,279.00","1,279.00","1,279.00","","-3.11%"
"08/18/2022","1,320.00","1,320.00","1,320.00","1,320.00","","-5.31%"
"08/17/2022","1,394.00","1,394.00","1,394.00","1,394.00","","0.50%"
"08/16/2022","1,387.00","1,387.00","1,387.00","1,387.00","","-1.21%"
"08/15/2022","1,404.00","1,404.00","1,404.00","1,404.00","","-4.94%"
"08/12/2022","1,477.00","1,477.00","1,477.00","1,477.00","","-5.08%"
"08/11/2022","1,556.00","1,556.00","1,556.00","1,556.00","","-2.26%"
"08/10/2022","1,592.00","1,592.00","1,592.00","1,592.00","","1.79%"
"08/09/2022","1,564.00","1,564.00","1,564.00","1,564.00","","-0.13%"
"08/08/2022","1,566.00","1,566.00","1,566.00","1,566.00","","0.38%"
"08/05/2022","1,560.00","1,560.00","1,560.00","1,560.00","","-2.68%"
"08/04/2022","1,603.00","1,603.00","1,603.00","1,603.00","","-7.39%"
"08/03/2022","1,731.00","1,731.00","1,731.00","1,731.00","","-4.73%"
"08/02/2022","1,817.00","1,817.00","1,817.00","1,817.00","","-2.94%"
"08/01/2022","1,872.00","1,872.00","1,872.00","1,872.00","","-1.21%"
"07/29/2022","1,895.00","1,895.00","1,895.00","1,895.00","","-2.57%"
"07/28/2022","1,945.00","1,945.00","1,945.00","1,945.00","","-3.09%"
"07/27/2022","2,007.00","2,007.00","2,007.00","2,007.00","","-2.62%"
"07/26/2022","2,061.00","2,061.00","2,061.00","2,061.00","","-2.51%"
"07/25/2022","2,114.00","2,114.00","2,114.00","2,114.00","","-1.49%"
"07/22/2022","2,146.00","2,146.00","2,146.00","2,146.00","","1.32%"
"07/21/2022","2,118.00","2,118.00","2,118.00","2,118.00","","0.24%"
"07/20/2022","2,113.00","2,113.00","2,113.00","2,113.00","","-1.49%"
"07/19/2022","2,145.00","2,145.00","2,145.00","2,145.00","","-0.79%"
"07/18/2022","2,162.00","2,162.00","2,162.00","2,162.00","","0.56%"
"07/15/2022","2,150.00","2,150.00","2,150.00","2,150.00","","6.97%"
"07/14/2022","2,010.00","2,010.00","2,010.00","2,010.00","","0.40%"
"07/13/2022","2,002.00","2,002.00","2,002.00","2,002.00","","-0.55%"
"07/12/2022","2,013.00","2,013.00","2,013.00","2,013.00","","-3.27%"
"07/11/2022","2,081.00","2,081.00","2,081.00","2,081.00","","0.68%"
"07/08/2022","2,067.00","2,067.00","2,067.00","2,067.00","","-0.29%"
"07/07/2022","2,073.00","2,073.00","2,073.00","2,073.00","","1.47%"
"07/06/2022","2,043.00","2,043.00","2,043.00","2,043.00","","-2.62%"
"07/05/2022","2,098.00","2,098.00","2,098.00","2,098.00","","-2.83%"
"07/04/2022","2,159.00","2,159.00","2,159.00","2,159.00","","-2.48%"
"07/01/2022","2,214.00","2,214.00","2,214.00","2,214.00","","-1.16%"
"06/30/2022","2,240.00","2,240.00","2,240.00","2,240.00","","2.47%"
"06/29/2022","2,186.00","2,186.00","2,186.00","2,186.00","","-0.82%"
"06/28/2022","2,204.00","2,204.00","2,204.00","2,204.00","","-3.97%"
"06/27/2022","2,295.00","2,295.00","2,295.00","2,295.00","","-1.54%"
"06/24/2022","2,331.00","2,331.00","2,331.00","2,331.00","","-0.98%"
"06/23/2022","2,354.00","2,354.00","2,354.00","2,354.00","","0.21%"
"06/22/2022","2,349.00","2,349.00","2,349.00","2,349.00","","-5.43%"
"06/21/2022","2,484.00","2,484.00","2,484.00","2,484.00","","-4.31%"
"06/20/2022","2,596.00","2,596.00","2,596.00","2,596.00","","0.70%"
"06/17/2022","2,578.00","2,578.00","2,578.00","2,578.00","","4.71%"
"06/16/2022","2,462.00","2,462.00","2,462.00","2,462.00","","3.14%"
"06/15/2022","2,387.00","2,387.00","2,387.00","2,387.00","","4.51%"
"06/14/2022","2,284.00","2,284.00","2,284.00","2,284.00","","1.06%"
"06/13/2022","2,260.00","2,260.00","2,260.00","2,260.00","","-2.59%"
"06/10/2022","2,320.00","2,320.00","2,320.00","2,320.00","","-0.94%"
"06/09/2022","2,342.00","2,342.00","2,342.00","2,342.00","","-2.82%"
"06/08/2022","2,410.00","2,410.00","2,410.00","2,410.00","","-4.14%"
"06/07/2022","2,514.00","2,514.00","2,514.00","2,514.00","","-1.80%"
"06/06/2022","2,560.00","2,560.00","2,560.00","2,560.00","","-2.77%"
"06/01/2022","2,633.00","2,633.00","2,633.00","2,633.00","","2.61%"
"05/31/2022","2,566.00","2,566.00","2,566.00","2,566.00","","-0.19%"
"05/30/2022","2,571.00","2,571.00","2,571.00","2,571.00","","-4.10%"
"05/27/2022","2,681.00","2,681.00","2,681.00","2,681.00","","-8.59%"
"05/26/2022","2,933.00","2,933.00","2,933.00","2,933.00","","-6.20%"
"05/25/2022","3,127.00","3,127.00","3,127.00","3,127.00","","-3.87%"
"05/24/2022","3,253.00","3,253.00","3,253.00","3,253.00","","-3.44%"
"05/23/2022","3,369.00","3,369.00","3,369.00","3,369.00","","0.75%"
"05/20/2022","3,344.00","3,344.00","3,344.00","3,344.00","","1.67%"
"05/19/2022","3,289.00","3,289.00","3,289.00","3,289.00","","3.14%"
"05/18/2022","3,189.00","3,189.00","3,189.00","3,189.00","","3.04%"
"05/17/2022","3,095.00","3,095.00","3,095.00","3,095.00","","0.32%"
"05/16/2022","3,085.00","3,085.00","3,085.00","3,085.00","","-0.61%"
"05/13/2022","3,104.00","3,104.00","3,104.00","3,104.00","","-0.42%"
"05/12/2022","3,117.00","3,117.00","3,117.00","3,117.00","","2.13%"
"05/11/2022","3,052.00","3,052.00","3,052.00","3,052.00","","3.84%"
"05/10/2022","2,939.00","2,939.00","2,939.00","2,939.00","","3.81%"
"05/09/2022","2,831.00","2,831.00","2,831.00","2,831.00","","4.16%"
"05/06/2022","2,718.00","2,718.00","2,718.00","2,718.00","","2.80%"
"05/05/2022","2,644.00","2,644.00","2,644.00","2,644.00","","6.40%"
"05/04/2022","2,485.00","2,485.00","2,485.00","2,485.00","","3.03%"
"05/03/2022","2,412.00","2,412.00","2,412.00","2,412.00","","0.33%"
"04/29/2022","2,404.00","2,404.00","2,404.00","2,404.00","","0.04%"
"04/28/2022","2,403.00","2,403.00","2,403.00","2,403.00","","-0.91%"
"04/27/2022","2,425.00","2,425.00","2,425.00","2,425.00","","0.87%"
"04/26/2022","2,404.00","2,404.00","2,404.00","2,404.00","","2.04%"
"04/25/2022","2,356.00","2,356.00","2,356.00","2,356.00","","2.12%"
"04/22/2022","2,307.00","2,307.00","2,307.00","2,307.00","","3.04%"
"04/21/2022","2,239.00","2,239.00","2,239.00","2,239.00","","4.53%"
"04/20/2022","2,142.00","2,142.00","2,142.00","2,142.00","","1.28%"
"04/19/2022","2,115.00","2,115.00","2,115.00","2,115.00","","-1.03%"
"04/14/2022","2,137.00","2,137.00","2,137.00","2,137.00","","3.34%"
"04/13/2022","2,068.00","2,068.00","2,068.00","2,068.00","","1.62%"
"04/12/2022","2,035.00","2,035.00","2,035.00","2,035.00","","0.20%"
"04/11/2022","2,031.00","2,031.00","2,031.00","2,031.00","","-1.17%"
"04/08/2022","2,055.00","2,055.00","2,055.00","2,055.00","","-0.29%"
"04/07/2022","2,061.00","2,061.00","2,061.00","2,061.00","","-3.15%"
"04/06/2022","2,128.00","2,128.00","2,128.00","2,128.00","","-3.84%"
"04/05/2022","2,213.00","2,213.00","2,213.00","2,213.00","","-4.07%"
"04/04/2022","2,307.00","2,307.00","2,307.00","2,307.00","","-2.12%"
"04/01/2022","2,357.00","2,357.00","2,357.00","2,357.00","","-0.04%"
"03/31/2022","2,358.00","2,358.00","2,358.00","2,358.00","","-0.46%"
"03/30/2022","2,369.00","2,369.00","2,369.00","2,369.00","","-1.99%"
"03/29/2022","2,417.00","2,417.00","2,417.00","2,417.00","","-2.70%"
"03/28/2022","2,484.00","2,484.00","2,484.00","2,484.00","","-2.36%"
"03/25/2022","2,544.00","2,544.00","2,544.00","2,544.00","","-0.90%"
"03/24/2022","2,567.00","2,567.00","2,567.00","2,567.00","","-0.31%"
"03/23/2022","2,575.00","2,575.00","2,575.00","2,575.00","","1.14%"
"03/22/2022","2,546.00","2,546.00","2,546.00","2,546.00","","-1.66%"
"03/21/2022","2,589.00","2,589.00","2,589.00","2,589.00","","-0.61%"
"03/18/2022","2,605.00","2,605.00","2,605.00","2,605.00","","0.66%"
"03/17/2022","2,588.00","2,588.00","2,588.00","2,588.00","","-0.12%"
"03/16/2022","2,591.00","2,591.00","2,591.00","2,591.00","","-3.64%"
"03/15/2022","2,689.00","2,689.00","2,689.00","2,689.00","","-1.39%"
"03/14/2022","2,727.00","2,727.00","2,727.00","2,727.00","","0.33%"
"03/11/2022","2,718.00","2,718.00","2,718.00","2,718.00","","0.52%"
"03/10/2022","2,704.00","2,704.00","2,704.00","2,704.00","","5.71%"
"03/09/2022","2,558.00","2,558.00","2,558.00","2,558.00","","8.76%"
"03/08/2022","2,352.00","2,352.00","2,352.00","2,352.00","","5.23%"
"03/07/2022","2,235.00","2,235.00","2,235.00","2,235.00","","4.05%"
"03/04/2022","2,148.00","2,148.00","2,148.00","2,148.00","","2.09%"
"03/03/2022","2,104.00","2,104.00","2,104.00","2,104.00","","-1.54%"
"03/02/2022","2,137.00","2,137.00","2,137.00","2,137.00","","3.29%"
"03/01/2022","2,069.00","2,069.00","2,069.00","2,069.00","","1.42%"
"02/28/2022","2,040.00","2,040.00","2,040.00","2,040.00","","-1.73%"
"02/25/2022","2,076.00","2,076.00","2,076.00","2,076.00","","-5.08%"
"02/24/2022","2,187.00","2,187.00","2,187.00","2,187.00","","-2.54%"
"02/23/2022","2,244.00","2,244.00","2,244.00","2,244.00","","4.47%"
"02/22/2022","2,148.00","2,148.00","2,148.00","2,148.00","","5.04%"
"02/21/2022","2,045.00","2,045.00","2,045.00","2,045.00","","4.12%"
"02/18/2022","1,964.00","1,964.00","1,964.00","1,964.00","","4.14%"
"02/17/2022","1,886.00","1,886.00","1,886.00","1,886.00","","-0.53%"
"02/16/2022","1,896.00","1,896.00","1,896.00","1,896.00","","-3.66%"
"02/15/2022","1,968.00","1,968.00","1,968.00","1,968.00","","-0.81%"
"02/14/2022","1,984.00","1,984.00","1,984.00","1,984.00","","0.35%"
"02/11/2022","1,977.00","1,977.00","1,977.00","1,977.00","","1.91%"
"02/10/2022","1,940.00","1,940.00","1,940.00","1,940.00","","13.38%"
"02/09/2022","1,711.00","1,711.00","1,711.00","1,711.00","","13.84%"
"02/08/2022","1,503.00","1,503.00","1,503.00","1,503.00","","5.70%"
"02/07/2022","1,422.00","1,422.00","1,422.00","1,422.00","","-0.07%"
"02/04/2022","1,423.00","1,423.00","1,423.00","1,423.00","","-0.14%"
"02/03/2022","1,425.00","1,425.00","1,425.00","1,425.00","","0.42%"
"02/02/2022","1,419.00","1,419.00","1,419.00","1,419.00","","-1.46%"
"02/01/2022","1,440.00","1,440.00","1,440.00","1,440.00","","1.55%"
"01/31/2022","1,418.00","1,418.00","1,418.00","1,418.00","","2.68%"
"01/28/2022","1,381.00","1,381.00","1,381.00","1,381.00","","6.07%"
"01/27/2022","1,302.00","1,302.00","1,302.00","1,302.00","","0.46%"
"01/26/2022","1,296.00","1,296.00","1,296.00","1,296.00","","-3.50%"
"01/25/2022","1,343.00","1,343.00","1,343.00","1,343.00","","-3.45%"
"01/24/2022","1,391.00","1,391.00","1,391.00","1,391.00","","-1.70%"
"01/21/2022","1,415.00","1,415.00","1,415.00","1,415.00","","-4.00%"
"01/20/2022","1,474.00","1,474.00","1,474.00","1,474.00","","-6.11%"
"01/19/2022","1,570.00","1,570.00","1,570.00","1,570.00","","-4.50%"
"01/18/2022","1,644.00","1,644.00","1,644.00","1,644.00","","-5.03%"
"01/17/2022","1,731.00","1,731.00","1,731.00","1,731.00","","-1.87%"
"01/14/2022","1,764.00","1,764.00","1,764.00","1,764.00","","-5.82%"
"01/13/2022","1,873.00","1,873.00","1,873.00","1,873.00","","-7.60%"
"01/12/2022","2,027.00","2,027.00","2,027.00","2,027.00","","-5.76%"
"01/11/2022","2,151.00","2,151.00","2,151.00","2,151.00","","-5.53%"
"01/10/2022","2,277.00","2,277.00","2,277.00","2,277.00","","-0.52%"
"01/07/2022","2,289.00","2,289.00","2,289.00","2,289.00","","-0.30%"
"01/06/2022","2,296.00","2,296.00","2,296.00","2,296.00","","0.31%"
"01/05/2022","2,289.00","2,289.00","2,289.00","2,289.00","","0.18%"
"01/04/2022","2,285.00","2,285.00","2,285.00","2,285.00","","3.07%"
"12/24/2021","2,217.00","2,217.00","2,217.00","2,217.00","","-0.09%"
"12/23/2021","2,219.00","2,219.00","2,219.00","2,219.00","","-0.45%"
"12/22/2021","2,229.00","2,229.00","2,229.00","2,229.00","","-2.83%"
"12/21/2021","2,294.00","2,294.00","2,294.00","2,294.00","","-3.25%"
"12/20/2021","2,371.00","2,371.00","2,371.00","2,371.00","","-0.34%"
"12/17/2021","2,379.00","2,379.00","2,379.00","2,379.00","","-4.76%"
"12/16/2021","2,498.00","2,498.00","2,498.00","2,498.00","","-6.27%"
"12/15/2021","2,665.00","2,665.00","2,665.00","2,665.00","","-9.11%"
"12/14/2021","2,932.00","2,932.00","2,932.00","2,932.00","","-8.83%"
"12/13/2021","3,216.00","3,216.00","3,216.00","3,216.00","","-1.71%"
"12/10/2021","3,272.00","3,272.00","3,272.00","3,272.00","","-2.12%"
"12/09/2021","3,343.00","3,343.00","3,343.00","3,343.00","","-2.34%"
"12/08/2021","3,423.00","3,423.00","3,423.00","3,423.00","","2.12%"
"12/07/2021","3,352.00","3,352.00","3,352.00","3,352.00","","3.62%"
"12/06/2021","3,235.00","3,235.00","3,235.00","3,235.00","","2.02%"
"12/03/2021","3,171.00","3,171.00","3,171.00","3,171.00","","1.80%"
"12/02/2021","3,115.00","3,115.00","3,115.00","3,115.00","","2.23%"
"12/01/2021","3,047.00","3,047.00","3,047.00","3,047.00","","0.96%"
"11/30/2021","3,018.00","3,018.00","3,018.00","3,018.00","","4.76%"
"11/29/2021","2,881.00","2,881.00","2,881.00","2,881.00","","4.12%"
"11/26/2021","2,767.00","2,767.00","2,767.00","2,767.00","","3.32%"
"11/25/2021","2,678.00","2,678.00","2,678.00","2,678.00","","0.90%"
"11/24/2021","2,654.00","2,654.00","2,654.00","2,654.00","","-2.25%"
"11/23/2021","2,715.00","2,715.00","2,715.00","2,715.00","","2.65%"
"11/22/2021","2,645.00","2,645.00","2,645.00","2,645.00","","3.64%"
"11/19/2021","2,552.00","2,552.00","2,552.00","2,552.00","","3.99%"
"11/18/2021","2,454.00","2,454.00","2,454.00","2,454.00","","0.99%"
"11/17/2021","2,430.00","2,430.00","2,430.00","2,430.00","","-6.21%"
"11/16/2021","2,591.00","2,591.00","2,591.00","2,591.00","","-6.09%"
"11/15/2021","2,759.00","2,759.00","2,759.00","2,759.00","","-1.71%"
"11/12/2021","2,807.00","2,807.00","2,807.00","2,807.00","","-1.30%"
"11/11/2021","2,844.00","2,844.00","2,844.00","2,844.00","","-0.59%"
"11/10/2021","2,861.00","2,861.00","2,861.00","2,861.00","","2.00%"
"11/09/2021","2,805.00","2,805.00","2,805.00","2,805.00","","3.20%"
"11/08/2021","2,718.00","2,718.00","2,718.00","2,718.00","","0.11%"
"11/05/2021","2,715.00","2,715.00","2,715.00","2,715.00","","-1.95%"
"11/04/2021","2,769.00","2,769.00","2,769.00","2,769.00","","-4.25%"
"11/03/2021","2,892.00","2,892.00","2,892.00","2,892.00","","-9.26%"
"11/02/2021","3,187.00","3,187.00","3,187.00","3,187.00","","-7.03%"
"11/01/2021","3,428.00","3,428.00","3,428.00","3,428.00","","-2.59%"
"10/29/2021","3,519.00","3,519.00","3,519.00","3,519.00","","-3.06%"
"10/28/2021","3,630.00","3,630.00","3,630.00","3,630.00","","-4.67%"
"10/27/2021","3,808.00","3,808.00","3,808.00","3,808.00","","-6.11%"
"10/26/2021","4,056.00","4,056.00","4,056.00","4,056.00","","-4.72%"
"10/25/2021","4,257.00","4,257.00","4,257.00","4,257.00","","-3.47%"
"10/22/2021","4,410.00","4,410.00","4,410.00","4,410.00","","-5.22%"
"10/21/2021","4,653.00","4,653.00","4,653.00","4,653.00","","-2.06%"
"10/20/2021","4,751.00","4,751.00","4,751.00","4,751.00","","0.78%"
"10/19/2021","4,714.00","4,714.00","4,714.00","4,714.00","","-0.38%"
"10/18/2021","4,732.00","4,732.00","4,732.00","4,732.00","","-2.51%"
"10/15/2021","4,854.00","4,854.00","4,854.00","4,854.00","","-4.11%"
"10/14/2021","5,062.00","5,062.00","5,062.00","5,062.00","","-2.77%"
"10/13/2021","5,206.00","5,206.00","5,206.00","5,206.00","","-3.20%"
"10/12/2021","5,378.00","5,378.00","5,378.00","5,378.00","","-2.00%"
"10/11/2021","5,488.00","5,488.00","5,488.00","5,488.00","","-0.69%"
"10/08/2021","5,526.00","5,526.00","5,526.00","5,526.00","","-2.19%"
"10/07/2021","5,650.00","5,650.00","5,650.00","5,650.00","","0.05%"
"10/06/2021","5,647.00","5,647.00","5,647.00","5,647.00","","4.40%"
"10/05/2021","5,409.00","5,409.00","5,409.00","5,409.00","","2.70%"
"10/04/2021","5,267.00","5,267.00","5,267.00","5,267.00","","1.25%"
"10/01/2021","5,202.00","5,202.00","5,202.00","5,202.00","","0.68%"
"09/30/2021","5,167.00","5,167.00","5,167.00","5,167.00","","-0.58%"
"09/29/2021","5,197.00","5,197.00","5,197.00","5,197.00","","4.74%"
"09/28/2021","4,962.00","4,962.00","4,962.00","4,962.00","","5.19%"
"09/27/2021","4,717.00","4,717.00","4,717.00","4,717.00","","1.57%"
"09/24/2021","4,644.00","4,644.00","4,644.00","4,644.00","","-0.15%"
"09/23/2021","4,651.00","4,651.00","4,651.00","4,651.00","","2.00%"
"09/22/2021","4,560.00","4,560.00","4,560.00","4,560.00","","3.40%"
"09/21/2021","4,410.00","4,410.00","4,410.00","4,410.00","","2.46%"
"09/20/2021","4,304.00","4,304.00","4,304.00","4,304.00","","0.68%"
"09/17/2021","4,275.00","4,275.00","4,275.00","4,275.00","","1.42%"
"09/16/2021","4,215.00","4,215.00","4,215.00","4,215.00","","-0.43%"
"09/15/2021","4,233.00","4,233.00","4,233.00","4,233.00","","0.28%"
"09/14/2021","4,221.00","4,221.00","4,221.00","4,221.00","","1.39%"
"09/13/2021","4,163.00","4,163.00","4,163.00","4,163.00","","7.74%"
"09/10/2021","3,864.00","3,864.00","3,864.00","3,864.00","","6.07%"
"09/09/2021","3,643.00","3,643.00","3,643.00","3,643.00","","0.69%"
"09/08/2021","3,618.00","3,618.00","3,618.00","3,618.00","","-2.40%"
"09/07/2021","3,707.00","3,707.00","3,707.00","3,707.00","","-3.01%"
"09/06/2021","3,822.00","3,822.00","3,822.00","3,822.00","","-3.09%"
"09/03/2021","3,944.00","3,944.00","3,944.00","3,944.00","","-1.42%"
"09/02/2021","4,001.00","4,001.00","4,001.00","4,001.00","","-0.30%"
"09/01/2021","4,013.00","4,013.00","4,013.00","4,013.00","","-2.88%"
"08/31/2021","4,132.00","4,132.00","4,132.00","4,132.00","","-2.43%"
"08/27/2021","4,235.00","4,235.00","4,235.00","4,235.00","","0.95%"
"08/26/2021","4,195.00","4,195.00","4,195.00","4,195.00","","0.05%"
"08/25/2021","4,193.00","4,193.00","4,193.00","4,193.00","","-0.19%"
"08/24/2021","4,201.00","4,201.00","4,201.00","4,201.00","","1.30%"
"08/23/2021","4,147.00","4,147.00","4,147.00","4,147.00","","1.34%"
"08/20/2021","4,092.00","4,092.00","4,092.00","4,092.00","","2.92%"
"08/19/2021","3,976.00","3,976.00","3,976.00","3,976.00","","3.73%"
"08/18/2021","3,833.00","3,833.00","3,833.00","3,833.00","","4.81%"
"08/17/2021","3,657.00","3,657.00","3,657.00","3,657.00","","1.41%"
"08/16/2021","3,606.00","3,606.00","3,606.00","3,606.00","","1.12%"
"08/13/2021","3,566.00","3,566.00","3,566.00","3,566.00","","1.80%"
"08/12/2021","3,503.00","3,503.00","3,503.00","3,503.00","","2.73%"
"08/11/2021","3,410.00","3,410.00","3,410.00","3,410.00","","1.04%"
"08/10/2021","3,375.00","3,375.00","3,375.00","3,375.00","","0.12%"
"08/09/2021","3,371.00","3,371.00","3,371.00","3,371.00","","0.00%"
"08/06/2021","3,371.00","3,371.00","3,371.00","3,371.00","","-0.15%"
"08/05/2021","3,376.00","3,376.00","3,376.00","3,376.00","","1.75%"
"08/04/2021","3,318.00","3,318.00","3,318.00","3,318.00","","1.13%"
"08/03/2021","3,281.00","3,281.00","3,281.00","3,281.00","","-0.03%"
"08/02/2021","3,282.00","3,282.00","3,282.00","3,282.00","","-0.30%"
"07/30/2021","3,292.00","3,292.00","3,292.00","3,292.00","","2.43%"
"07/29/2021","3,214.00","3,214.00","3,214.00","3,214.00","","1.90%"
"07/28/2021","3,154.00","3,154.00","3,154.00","3,154.00","","-0.38%"
"07/27/2021","3,166.00","3,166.00","3,166.00","3,166.00","","-1.37%"
"07/26/2021","3,210.00","3,210.00","3,210.00","3,210.00","","0.34%"
"07/23/2021","3,199.00","3,199.00","3,199.00","3,199.00","","3.09%"
"07/22/2021","3,103.00","3,103.00","3,103.00","3,103.00","","1.47%"
"07/21/2021","3,058.00","3,058.00","3,058.00","3,058.00","","0.16%"
"07/20/2021","3,053.00","3,053.00","3,053.00","3,053.00","","-0.20%"
"07/19/2021","3,059.00","3,059.00","3,059.00","3,059.00","","0.66%"
"07/16/2021","3,039.00","3,039.00","3,039.00","3,039.00","","-1.11%"
"07/15/2021","3,073.00","3,073.00","3,073.00","3,073.00","","-2.10%"
"07/14/2021","3,139.00","3,139.00","3,139.00","3,139.00","","-2.76%"
"07/13/2021","3,228.00","3,228.00","3,228.00","3,228.00","","-2.18%"
"07/12/2021","3,300.00","3,300.00","3,300.00","3,300.00","","0.00%"
"07/09/2021","3,300.00","3,300.00","3,300.00","3,300.00","","0.58%"
"07/08/2021","3,281.00","3,281.00","3,281.00","3,281.00","","1.23%"
"07/07/2021","3,241.00","3,241.00","3,241.00","3,241.00","","1.95%"
"07/06/2021","3,179.00","3,179.00","3,179.00","3,179.00","","-1.40%"
"07/05/2021","3,224.00","3,224.00","3,224.00","3,224.00","","-1.86%"
"07/02/2021","3,285.00","3,285.00","3,285.00","3,285.00","","-1.59%"
"07/01/2021","3,338.00","3,338.00","3,338.00","3,338.00","","-1.33%"
"06/30/2021","3,383.00","3,383.00","3,383.00","3,383.00","","-1.02%"
"06/29/2021","3,418.00","3,418.00","3,418.00","3,418.00","","2.83%"
"06/28/2021","3,324.00","3,324.00","3,324.00","3,324.00","","2.12%"
"06/25/2021","3,255.00","3,255.00","3,255.00","3,255.00","","2.52%"
"06/24/2021","3,175.00","3,175.00","3,175.00","3,175.00","","0.89%"
"06/23/2021","3,147.00","3,147.00","3,147.00","3,147.00","","0.90%"
"06/22/2021","3,119.00","3,119.00","3,119.00","3,119.00","","-2.23%"
"06/21/2021","3,190.00","3,190.00","3,190.00","3,190.00","","-0.87%"
"06/18/2021","3,218.00","3,218.00","3,218.00","3,218.00","","-1.50%"
"06/17/2021","3,267.00","3,267.00","3,267.00","3,267.00","","2.87%"
"06/16/2021","3,176.00","3,176.00","3,176.00","3,176.00","","4.99%"
"06/15/2021","3,025.00","3,025.00","3,025.00","3,025.00","","2.75%"
"06/14/2021","2,944.00","2,944.00","2,944.00","2,944.00","","3.05%"
"06/11/2021","2,857.00","2,857.00","2,857.00","2,857.00","","7.04%"
"06/10/2021","2,669.00","2,669.00","2,669.00","2,669.00","","7.58%"
"06/09/2021","2,481.00","2,481.00","2,481.00","2,481.00","","2.52%"
"06/08/2021","2,420.00","2,420.00","2,420.00","2,420.00","","-0.33%"
"06/07/2021","2,428.00","2,428.00","2,428.00","2,428.00","","-0.41%"
"06/04/2021","2,438.00","2,438.00","2,438.00","2,438.00","","-1.38%"
"06/03/2021","2,472.00","2,472.00","2,472.00","2,472.00","","-2.29%"
"06/02/2021","2,530.00","2,530.00","2,530.00","2,530.00","","-1.48%"
"06/01/2021","2,568.00","2,568.00","2,568.00","2,568.00","","-1.08%"
"05/28/2021","2,596.00","2,596.00","2,596.00","2,596.00","","-3.42%"
"05/27/2021","2,688.00","2,688.00","2,688.00","2,688.00","","-2.40%"
"05/26/2021","2,754.00","2,754.00","2,754.00","2,754.00","","-1.96%"
"05/25/2021","2,809.00","2,809.00","2,809.00","2,809.00","","-2.50%"
"05/24/2021","2,881.00","2,881.00","2,881.00","2,881.00","","0.42%"
"05/21/2021","2,869.00","2,869.00","2,869.00","2,869.00","","1.59%"
"05/20/2021","2,824.00","2,824.00","2,824.00","2,824.00","","0.82%"
"05/19/2021","2,801.00","2,801.00","2,801.00","2,801.00","","0.21%"
"05/18/2021","2,795.00","2,795.00","2,795.00","2,795.00","","-2.14%"
"05/17/2021","2,856.00","2,856.00","2,856.00","2,856.00","","-2.82%"
"05/14/2021","2,939.00","2,939.00","2,939.00","2,939.00","","-4.48%"
"05/13/2021","3,077.00","3,077.00","3,077.00","3,077.00","","-1.98%"
"05/12/2021","3,139.00","3,139.00","3,139.00","3,139.00","","-3.53%"
"05/11/2021","3,254.00","3,254.00","3,254.00","3,254.00","","0.43%"
"05/10/2021","3,240.00","3,240.00","3,240.00","3,240.00","","1.79%"
"05/07/2021","3,183.00","3,183.00","3,183.00","3,183.00","","-0.90%"
"05/06/2021","3,212.00","3,212.00","3,212.00","3,212.00","","-1.65%"
"05/05/2021","3,266.00","3,266.00","3,266.00","3,266.00","","3.45%"
"05/04/2021","3,157.00","3,157.00","3,157.00","3,157.00","","3.41%"
"04/30/2021","3,053.00","3,053.00","3,053.00","3,053.00","","1.53%"
"04/29/2021","3,007.00","3,007.00","3,007.00","3,007.00","","1.69%"
"04/28/2021","2,957.00","2,957.00","2,957.00","2,957.00","","2.35%"
"04/27/2021","2,889.00","2,889.00","2,889.00","2,889.00","","2.88%"
"04/26/2021","2,808.00","2,808.00","2,808.00","2,808.00","","0.72%"
"04/23/2021","2,788.00","2,788.00","2,788.00","2,788.00","","1.38%"
"04/22/2021","2,750.00","2,750.00","2,750.00","2,750.00","","1.48%"
"04/21/2021","2,710.00","2,710.00","2,710.00","2,710.00","","9.63%"
"04/20/2021","2,472.00","2,472.00","2,472.00","2,472.00","","1.64%"
"04/19/2021","2,432.00","2,432.00","2,432.00","2,432.00","","1.97%"
"04/16/2021","2,385.00","2,385.00","2,385.00","2,385.00","","2.67%"
"04/15/2021","2,323.00","2,323.00","2,323.00","2,323.00","","6.66%"
"04/14/2021","2,178.00","2,178.00","2,178.00","2,178.00","","1.78%"
"04/13/2021","2,140.00","2,140.00","2,140.00","2,140.00","","-0.23%"
"04/12/2021","2,145.00","2,145.00","2,145.00","2,145.00","","2.88%"
"04/09/2021","2,085.00","2,085.00","2,085.00","2,085.00","","-0.14%"
"04/08/2021","2,088.00","2,088.00","2,088.00","2,088.00","","-1.83%"
"04/07/2021","2,127.00","2,127.00","2,127.00","2,127.00","","1.67%"
"04/06/2021","2,092.00","2,092.00","2,092.00","2,092.00","","0.97%"
"04/01/2021","2,072.00","2,072.00","2,072.00","2,072.00","","1.27%"
"03/31/2021","2,046.00","2,046.00","2,046.00","2,046.00","","-2.71%"
"03/30/2021","2,103.00","2,103.00","2,103.00","2,103.00","","-2.73%"
"03/29/2021","2,162.00","2,162.00","2,162.00","2,162.00","","-0.73%"
"03/26/2021","2,178.00","2,178.00","2,178.00","2,178.00","","0.28%"
"03/25/2021","2,172.00","2,172.00","2,172.00","2,172.00","","-1.00%"
"03/24/2021","2,194.00","2,194.00","2,194.00","2,194.00","","-3.39%"
"03/23/2021","2,271.00","2,271.00","2,271.00","2,271.00","","-2.07%"
"03/22/2021","2,319.00","2,319.00","2,319.00","2,319.00","","1.67%"
"03/19/2021","2,281.00","2,281.00","2,281.00","2,281.00","","2.98%"
"03/18/2021","2,215.00","2,215.00","2,215.00","2,215.00","","5.23%"
"03/17/2021","2,105.00","2,105.00","2,105.00","2,105.00","","4.36%"
"03/16/2021","2,017.00","2,017.00","2,017.00","2,017.00","","1.71%"
"03/15/2021","1,983.00","1,983.00","1,983.00","1,983.00","","1.17%"
"03/12/2021","1,960.00","1,960.00","1,960.00","1,960.00","","-0.51%"
"03/11/2021","1,970.00","1,970.00","1,970.00","1,970.00","","-0.51%"
"03/10/2021","1,980.00","1,980.00","1,980.00","1,980.00","","4.16%"
"03/09/2021","1,901.00","1,901.00","1,901.00","1,901.00","","2.59%"
"03/08/2021","1,853.00","1,853.00","1,853.00","1,853.00","","1.31%"
"03/05/2021","1,829.00","1,829.00","1,829.00","1,829.00","","2.81%"
"03/04/2021","1,779.00","1,779.00","1,779.00","1,779.00","","0.91%"
"03/03/2021","1,763.00","1,763.00","1,763.00","1,763.00","","5.38%"
"03/02/2021","1,673.00","1,673.00","1,673.00","1,673.00","","1.33%"
"03/01/2021","1,651.00","1,651.00","1,651.00","1,651.00","","-1.43%"
"02/26/2021","1,675.00","1,675.00","1,675.00","1,675.00","","-1.47%"
"02/25/2021","1,700.00","1,700.00","1,700.00","1,700.00","","-0.53%"
"02/24/2021","1,709.00","1,709.00","1,709.00","1,709.00","","-1.04%"
"02/23/2021","1,727.00","1,727.00","1,727.00","1,727.00","","1.05%"
"02/22/2021","1,709.00","1,709.00","1,709.00","1,709.00","","0.65%"
"02/19/2021","1,698.00","1,698.00","1,698.00","1,698.00","","-4.07%"
"02/18/2021","1,770.00","1,770.00","1,770.00","1,770.00","","0.80%"
"02/17/2021","1,756.00","1,756.00","1,756.00","1,756.00","","17.46%"
"02/16/2021","1,495.00","1,495.00","1,495.00","1,495.00","","9.60%"
"02/15/2021","1,364.00","1,364.00","1,364.00","1,364.00","","1.87%"
"02/12/2021","1,339.00","1,339.00","1,339.00","1,339.00","","1.98%"
"02/11/2021","1,313.00","1,313.00","1,313.00","1,313.00","","0.77%"
"02/10/2021","1,303.00","1,303.00","1,303.00","1,303.00","","-0.23%"
"02/09/2021","1,306.00","1,306.00","1,306.00","1,306.00","","-0.84%"
"02/08/2021","1,317.00","1,317.00","1,317.00","1,317.00","","-1.20%"
"02/05/2021","1,333.00","1,333.00","1,333.00","1,333.00","","0.45%"
"02/04/2021","1,327.00","1,327.00","1,327.00","1,327.00","","0.00%"
"02/03/2021","1,327.00","1,327.00","1,327.00","1,327.00","","-3.84%"
"02/02/2021","1,380.00","1,380.00","1,380.00","1,380.00","","-4.43%"
"02/01/2021","1,444.00","1,444.00","1,444.00","1,444.00","","-0.55%"
"01/29/2021","1,452.00","1,452.00","1,452.00","1,452.00","","-1.22%"
"01/28/2021","1,470.00","1,470.00","1,470.00","1,470.00","","-4.55%"
"01/27/2021","1,540.00","1,540.00","1,540.00","1,540.00","","-7.17%"
"01/26/2021","1,659.00","1,659.00","1,659.00","1,659.00","","-6.01%"
"01/25/2021","1,765.00","1,765.00","1,765.00","1,765.00","","-2.49%"
"01/22/2021","1,810.00","1,810.00","1,810.00","1,810.00","","-1.47%"
"01/21/2021","1,837.00","1,837.00","1,837.00","1,837.00","","0.49%"
"01/20/2021","1,828.00","1,828.00","1,828.00","1,828.00","","3.51%"
"01/19/2021","1,766.00","1,766.00","1,766.00","1,766.00","","1.49%"
"01/18/2021","1,740.00","1,740.00","1,740.00","1,740.00","","-0.80%"
"01/15/2021","1,754.00","1,754.00","1,754.00","1,754.00","","-2.12%"
"01/14/2021","1,792.00","1,792.00","1,792.00","1,792.00","","-3.45%"
"01/13/2021","1,856.00","1,856.00","1,856.00","1,856.00","","0.38%"
"01/12/2021","1,849.00","1,849.00","1,849.00","1,849.00","","5.00%"
"01/11/2021","1,761.00","1,761.00","1,761.00","1,761.00","","9.65%"
"01/08/2021","1,606.00","1,606.00","1,606.00","1,606.00","","10.91%"
"01/07/2021","1,448.00","1,448.00","1,448.00","1,448.00","","1.61%"
"01/06/2021","1,425.00","1,425.00","1,425.00","1,425.00","","0.49%"
"01/05/2021","1,418.00","1,418.00","1,418.00","1,418.00","","3.20%"
"01/04/2021","1,374.00","1,374.00","1,374.00","1,374.00","","0.59%"
"12/24/2020","1,366.00","1,366.00","1,366.00","1,366.00","","0.29%"
"12/23/2020","1,362.00","1,362.00","1,362.00","1,362.00","","2.41%"
"12/22/2020","1,330.00","1,330.00","1,330.00","1,330.00","","0.53%"
"12/21/2020","1,323.00","1,323.00","1,323.00","1,323.00","","-0.15%"
"12/18/2020","1,325.00","1,325.00","1,325.00","1,325.00","","1.84%"
"12/17/2020","1,301.00","1,301.00","1,301.00","1,301.00","","0.39%"
"12/16/2020","1,296.00","1,296.00","1,296.00","1,296.00","","1.81%"
"12/15/2020","1,273.00","1,273.00","1,273.00","1,273.00","","3.08%"
"12/14/2020","1,235.00","1,235.00","1,235.00","1,235.00","","1.98%"
"12/11/2020","1,211.00","1,211.00","1,211.00","1,211.00","","4.31%"
"12/10/2020","1,161.00","1,161.00","1,161.00","1,161.00","","3.48%"
"12/09/2020","1,122.00","1,122.00","1,122.00","1,122.00","","0.09%"
"12/08/2020","1,121.00","1,121.00","1,121.00","1,121.00","","-3.53%"
"12/07/2020","1,162.00","1,162.00","1,162.00","1,162.00","","-2.92%"
"12/04/2020","1,197.00","1,197.00","1,197.00","1,197.00","","0.67%"
"12/03/2020","1,189.00","1,189.00","1,189.00","1,189.00","","-1.00%"
"12/02/2020","1,201.00","1,201.00","1,201.00","1,201.00","","-0.83%"
"12/01/2020","1,211.00","1,211.00","1,211.00","1,211.00","","-1.30%"
"11/30/2020","1,227.00","1,227.00","1,227.00","1,227.00","","-0.24%"
"11/27/2020","1,230.00","1,230.00","1,230.00","1,230.00","","0.90%"
"11/26/2020","1,219.00","1,219.00","1,219.00","1,219.00","","1.84%"
"11/25/2020","1,197.00","1,197.00","1,197.00","1,197.00","","1.61%"
"11/24/2020","1,178.00","1,178.00","1,178.00","1,178.00","","0.77%"
"11/23/2020","1,169.00","1,169.00","1,169.00","1,169.00","","1.83%"
"11/20/2020","1,148.00","1,148.00","1,148.00","1,148.00","","1.23%"
"11/19/2020","1,134.00","1,134.00","1,134.00","1,134.00","","1.70%"
"11/18/2020","1,115.00","1,115.00","1,115.00","1,115.00","","0.27%"
"11/17/2020","1,112.00","1,112.00","1,112.00","1,112.00","","0.09%"
"11/16/2020","1,111.00","1,111.00","1,111.00","1,111.00","","-1.16%"
"11/12/2020","1,124.00","1,124.00","1,124.00","1,124.00","","-1.49%"
"11/11/2020","1,141.00","1,141.00","1,141.00","1,141.00","","-4.92%"
"11/10/2020","1,200.00","1,200.00","1,200.00","1,200.00","","-0.58%"
"11/09/2020","1,207.00","1,207.00","1,207.00","1,207.00","","0.92%"
"11/06/2020","1,196.00","1,196.00","1,196.00","1,196.00","","0.17%"
"11/05/2020","1,194.00","1,194.00","1,194.00","1,194.00","","-2.45%"
"11/04/2020","1,224.00","1,224.00","1,224.00","1,224.00","","-3.09%"
"11/03/2020","1,263.00","1,263.00","1,263.00","1,263.00","","-1.64%"
"11/02/2020","1,284.00","1,284.00","1,284.00","1,284.00","","0.08%"
"10/30/2020","1,283.00","1,283.00","1,283.00","1,283.00","","-1.08%"
"10/29/2020","1,297.00","1,297.00","1,297.00","1,297.00","","-6.29%"
"10/28/2020","1,384.00","1,384.00","1,384.00","1,384.00","","-2.05%"
"10/27/2020","1,413.00","1,413.00","1,413.00","1,413.00","","0.78%"
"10/26/2020","1,402.00","1,402.00","1,402.00","1,402.00","","-0.92%"
"10/23/2020","1,415.00","1,415.00","1,415.00","1,415.00","","1.00%"
"10/22/2020","1,401.00","1,401.00","1,401.00","1,401.00","","4.09%"
"10/21/2020","1,346.00","1,346.00","1,346.00","1,346.00","","-0.30%"
"10/20/2020","1,350.00","1,350.00","1,350.00","1,350.00","","-4.19%"
"10/19/2020","1,409.00","1,409.00","1,409.00","1,409.00","","-4.60%"
"10/16/2020","1,477.00","1,477.00","1,477.00","1,477.00","","-5.38%"
"10/15/2020","1,561.00","1,561.00","1,561.00","1,561.00","","-4.64%"
"10/14/2020","1,637.00","1,637.00","1,637.00","1,637.00","","-5.48%"
"10/13/2020","1,732.00","1,732.00","1,732.00","1,732.00","","-4.15%"
"10/12/2020","1,807.00","1,807.00","1,807.00","1,807.00","","-4.49%"
"10/09/2020","1,892.00","1,892.00","1,892.00","1,892.00","","-3.96%"
"10/08/2020","1,970.00","1,970.00","1,970.00","1,970.00","","-3.62%"
"10/07/2020","2,044.00","2,044.00","2,044.00","2,044.00","","-2.53%"
"10/06/2020","2,097.00","2,097.00","2,097.00","2,097.00","","1.26%"
"10/05/2020","2,071.00","2,071.00","2,071.00","2,071.00","","2.52%"
"10/02/2020","2,020.00","2,020.00","2,020.00","2,020.00","","8.08%"
"10/01/2020","1,869.00","1,869.00","1,869.00","1,869.00","","8.35%"
"09/30/2020","1,725.00","1,725.00","1,725.00","1,725.00","","4.04%"
"09/29/2020","1,658.00","1,658.00","1,658.00","1,658.00","","0.24%"
"09/28/2020","1,654.00","1,654.00","1,654.00","1,654.00","","-0.78%"
"09/25/2020","1,667.00","1,667.00","1,667.00","1,667.00","","3.86%"
"09/24/2020","1,605.00","1,605.00","1,605.00","1,605.00","","12.55%"
"09/23/2020","1,426.00","1,426.00","1,426.00","1,426.00","","4.55%"
"09/22/2020","1,364.00","1,364.00","1,364.00","1,364.00","","3.81%"
"09/21/2020","1,314.00","1,314.00","1,314.00","1,314.00","","1.39%"
"09/18/2020","1,296.00","1,296.00","1,296.00","1,296.00","","0.15%"
"09/17/2020","1,294.00","1,294.00","1,294.00","1,294.00","","1.01%"
"09/16/2020","1,281.00","1,281.00","1,281.00","1,281.00","","-0.62%"
"09/15/2020","1,289.00","1,289.00","1,289.00","1,289.00","","0.55%"
"09/14/2020","1,282.00","1,282.00","1,282.00","1,282.00","","1.18%"
"09/11/2020","1,267.00","1,267.00","1,267.00","1,267.00","","-0.16%"
"09/10/2020","1,269.00","1,269.00","1,269.00","1,269.00","","-2.08%"
"09/09/2020","1,296.00","1,296.00","1,296.00","1,296.00","","-2.41%"
"09/08/2020","1,328.00","1,328.00","1,328.00","1,328.00","","-1.56%"
"09/07/2020","1,349.00","1,349.00","1,349.00","1,349.00","","-0.95%"
"09/04/2020","1,362.00","1,362.00","1,362.00","1,362.00","","-2.37%"
"09/03/2020","1,395.00","1,395.00","1,395.00","1,395.00","","-3.46%"
"09/02/2020","1,445.00","1,445.00","1,445.00","1,445.00","","-1.77%"
"09/01/2020","1,471.00","1,471.00","1,471.00","1,471.00","","-1.14%"
"08/28/2020","1,488.00","1,488.00","1,488.00","1,488.00","","-1.06%"
"08/27/2020","1,504.00","1,504.00","1,504.00","1,504.00","","-0.33%"
"08/26/2020","1,509.00","1,509.00","1,509.00","1,509.00","","-0.59%"
"08/25/2020","1,518.00","1,518.00","1,518.00","1,518.00","","1.81%"
"08/24/2020","1,491.00","1,491.00","1,491.00","1,491.00","","0.68%"
"08/21/2020","1,481.00","1,481.00","1,481.00","1,481.00","","-2.44%"
"08/20/2020","1,518.00","1,518.00","1,518.00","1,518.00","","-3.19%"
"08/19/2020","1,568.00","1,568.00","1,568.00","1,568.00","","-1.13%"
"08/18/2020","1,586.00","1,586.00","1,586.00","1,586.00","","-0.75%"
"08/17/2020","1,598.00","1,598.00","1,598.00","1,598.00","","0.19%"
"08/14/2020","1,595.00","1,595.00","1,595.00","1,595.00","","1.14%"
"08/13/2020","1,577.00","1,577.00","1,577.00","1,577.00","","2.40%"
"08/12/2020","1,540.00","1,540.00","1,540.00","1,540.00","","1.99%"
"08/11/2020","1,510.00","1,510.00","1,510.00","1,510.00","","0.27%"
"08/10/2020","1,506.00","1,506.00","1,506.00","1,506.00","","0.33%"
"08/07/2020","1,501.00","1,501.00","1,501.00","1,501.00","","8.38%"
"08/03/2020","1,385.00","1,385.00","1,385.00","1,385.00","","2.59%"
"07/31/2020","1,350.00","1,350.00","1,350.00","1,350.00","","0.15%"
"07/30/2020","1,348.00","1,348.00","1,348.00","1,348.00","","2.35%"
"07/29/2020","1,317.00","1,317.00","1,317.00","1,317.00","","4.19%"
"07/28/2020","1,264.00","1,264.00","1,264.00","1,264.00","","-2.24%"
"07/27/2020","1,293.00","1,293.00","1,293.00","1,293.00","","-1.82%"
"07/24/2020","1,317.00","1,317.00","1,317.00","1,317.00","","-5.12%"
"07/23/2020","1,388.00","1,388.00","1,388.00","1,388.00","","-5.77%"
"07/22/2020","1,473.00","1,473.00","1,473.00","1,473.00","","-7.59%"
"07/21/2020","1,594.00","1,594.00","1,594.00","1,594.00","","-5.01%"
"07/20/2020","1,678.00","1,678.00","1,678.00","1,678.00","","-1.87%"
"07/17/2020","1,710.00","1,710.00","1,710.00","1,710.00","","0.65%"
"07/16/2020","1,699.00","1,699.00","1,699.00","1,699.00","","0.18%"
"07/15/2020","1,696.00","1,696.00","1,696.00","1,696.00","","-2.64%"
"07/14/2020","1,742.00","1,742.00","1,742.00","1,742.00","","-2.79%"
"07/13/2020","1,792.00","1,792.00","1,792.00","1,792.00","","-0.99%"
"07/10/2020","1,810.00","1,810.00","1,810.00","1,810.00","","0.00%"
"07/09/2020","1,810.00","1,810.00","1,810.00","1,810.00","","-2.11%"
"07/08/2020","1,849.00","1,849.00","1,849.00","1,849.00","","-5.13%"
"07/07/2020","1,949.00","1,949.00","1,949.00","1,949.00","","-0.36%"
"07/06/2020","1,956.00","1,956.00","1,956.00","1,956.00","","3.27%"
"07/03/2020","1,894.00","1,894.00","1,894.00","1,894.00","","3.89%"
"07/02/2020","1,823.00","1,823.00","1,823.00","1,823.00","","1.11%"
"07/01/2020","1,803.00","1,803.00","1,803.00","1,803.00","","0.22%"
"06/30/2020","1,799.00","1,799.00","1,799.00","1,799.00","","0.28%"
"06/29/2020","1,794.00","1,794.00","1,794.00","1,794.00","","2.57%"
"06/26/2020","1,749.00","1,749.00","1,749.00","1,749.00","","0.63%"
"06/25/2020","1,738.00","1,738.00","1,738.00","1,738.00","","1.94%"
"06/24/2020","1,705.00","1,705.00","1,705.00","1,705.00","","5.44%"
"06/23/2020","1,617.00","1,617.00","1,617.00","1,617.00","","3.79%"
"06/22/2020","1,558.00","1,558.00","1,558.00","1,558.00","","0.19%"
"06/19/2020","1,555.00","1,555.00","1,555.00","1,555.00","","1.83%"
"06/18/2020","1,527.00","1,527.00","1,527.00","1,527.00","","22.55%"
"06/17/2020","1,246.00","1,246.00","1,246.00","1,246.00","","18.22%"
"06/16/2020","1,054.00","1,054.00","1,054.00","1,054.00","","8.32%"
"06/15/2020","973.00","973.00","973.00","973.00","","5.42%"
"06/12/2020","923.00","923.00","923.00","923.00","","10.01%"
"06/11/2020","839.00","839.00","839.00","839.00","","9.82%"
"06/10/2020","764.00","764.00","764.00","764.00","","7.00%"
"06/09/2020","714.00","714.00","714.00","714.00","","2.29%"
"06/08/2020","698.00","698.00","698.00","698.00","","2.80%"
"06/05/2020","679.00","679.00","679.00","679.00","","7.44%"
"06/04/2020","632.00","632.00","632.00","632.00","","6.76%"
"06/03/2020","592.00","592.00","592.00","592.00","","8.42%"
"06/02/2020","546.00","546.00","546.00","546.00","","5.00%"
"06/01/2020","520.00","520.00","520.00","520.00","","3.17%"
"05/29/2020","504.00","504.00","504.00","504.00","","3.07%"
"05/28/2020","489.00","489.00","489.00","489.00","","-2.59%"
"05/27/2020","502.00","502.00","502.00","502.00","","-0.79%"
"05/26/2020","506.00","506.00","506.00","506.00","","1.61%"
"05/22/2020","498.00","498.00","498.00","498.00","","0.81%"
"05/21/2020","494.00","494.00","494.00","494.00","","3.56%"
"05/20/2020","477.00","477.00","477.00","477.00","","5.30%"
"05/19/2020","453.00","453.00","453.00","453.00","","6.09%"
"05/18/2020","427.00","427.00","427.00","427.00","","4.91%"
"05/15/2020","407.00","407.00","407.00","407.00","","3.56%"
"05/14/2020","393.00","393.00","393.00","393.00","","-1.26%"
"05/13/2020","398.00","398.00","398.00","398.00","","-8.08%"
"05/12/2020","433.00","433.00","433.00","433.00","","-8.65%"
"05/11/2020","474.00","474.00","474.00","474.00","","-7.78%"
"05/07/2020","514.00","514.00","514.00","514.00","","-3.75%"
"05/06/2020","534.00","534.00","534.00","534.00","","-7.13%"
"05/05/2020","575.00","575.00","575.00","575.00","","-3.85%"
"05/04/2020","598.00","598.00","598.00","598.00","","-3.08%"
"05/01/2020","617.00","617.00","617.00","617.00","","-2.83%"
"04/30/2020","635.00","635.00","635.00","635.00","","-1.24%"
"04/29/2020","643.00","643.00","643.00","643.00","","-1.83%"
"04/28/2020","655.00","655.00","655.00","655.00","","-0.91%"
"04/27/2020","661.00","661.00","661.00","661.00","","-0.60%"
"04/24/2020","665.00","665.00","665.00","665.00","","-1.04%"
"04/23/2020","672.00","672.00","672.00","672.00","","-3.17%"
"04/22/2020","694.00","694.00","694.00","694.00","","-4.67%"
"04/21/2020","728.00","728.00","728.00","728.00","","-3.83%"
"04/20/2020","757.00","757.00","757.00","757.00","","0.80%"
"04/17/2020","751.00","751.00","751.00","751.00","","3.44%"
"04/16/2020","726.00","726.00","726.00","726.00","","2.83%"
"04/15/2020","706.00","706.00","706.00","706.00","","3.98%"
"04/14/2020","679.00","679.00","679.00","679.00","","6.93%"
"04/09/2020","635.00","635.00","635.00","635.00","","4.61%"
"04/08/2020","607.00","607.00","607.00","607.00","","1.85%"
"04/07/2020","596.00","596.00","596.00","596.00","","-1.32%"
"04/06/2020","604.00","604.00","604.00","604.00","","-1.95%"
"04/03/2020","616.00","616.00","616.00","616.00","","-1.28%"
"04/02/2020","624.00","624.00","624.00","624.00","","0.00%"
"04/01/2020","624.00","624.00","624.00","624.00","","-0.32%"
"03/31/2020","626.00","626.00","626.00","626.00","","14.23%"
"03/30/2020","548.00","548.00","548.00","548.00","","-1.44%"
"03/27/2020","556.00","556.00","556.00","556.00","","-2.28%"
"03/26/2020","569.00","569.00","569.00","569.00","","-2.23%"
"03/25/2020","582.00","582.00","582.00","582.00","","-3.48%"
"03/24/2020","603.00","603.00","603.00","603.00","","-2.27%"
"03/23/2020","617.00","617.00","617.00","617.00","","-1.28%"
"03/20/2020","625.00","625.00","625.00","625.00","","-0.79%"
"03/19/2020","630.00","630.00","630.00","630.00","","0.16%"
"03/18/2020","629.00","629.00","629.00","629.00","","2.78%"
"03/17/2020","612.00","612.00","612.00","612.00","","-1.77%"
"03/16/2020","623.00","623.00","623.00","623.00","","-1.27%"
"03/13/2020","631.00","631.00","631.00","631.00","","-0.32%"
"03/12/2020","633.00","633.00","633.00","633.00","","0.32%"
"03/11/2020","631.00","631.00","631.00","631.00","","0.64%"
"03/10/2020","627.00","627.00","627.00","627.00","","1.79%"
"03/09/2020","616.00","616.00","616.00","616.00","","-0.16%"
"03/06/2020","617.00","617.00","617.00","617.00","","3.01%"
"03/05/2020","599.00","599.00","599.00","599.00","","6.58%"
"03/04/2020","562.00","562.00","562.00","562.00","","2.37%"
"03/03/2020","549.00","549.00","549.00","549.00","","1.86%"
"03/02/2020","539.00","539.00","539.00","539.00","","0.75%"
"02/28/2020","535.00","535.00","535.00","535.00","","1.13%"
"02/27/2020","529.00","529.00","529.00","529.00","","2.32%"
"02/26/2020","517.00","517.00","517.00","517.00","","1.77%"
"02/25/2020","508.00","508.00","508.00","508.00","","0.40%"
"02/24/2020","506.00","506.00","506.00","506.00","","1.81%"
"02/21/2020","497.00","497.00","497.00","497.00","","3.54%"
"02/20/2020","480.00","480.00","480.00","480.00","","3.23%"
"02/19/2020","465.00","465.00","465.00","465.00","","3.33%"
"02/18/2020","450.00","450.00","450.00","450.00","","3.69%"
"02/17/2020","434.00","434.00","434.00","434.00","","2.12%"
"02/14/2020","425.00","425.00","425.00","425.00","","0.95%"
"02/13/2020","421.00","421.00","421.00","421.00","","0.00%"
"02/12/2020","421.00","421.00","421.00","421.00","","0.72%"
"02/11/2020","418.00","418.00","418.00","418.00","","1.70%"
"02/10/2020","411.00","411.00","411.00","411.00","","-0.96%"
"02/07/2020","415.00","415.00","415.00","415.00","","-3.71%"
"02/06/2020","431.00","431.00","431.00","431.00","","0.23%"
"02/05/2020","430.00","430.00","430.00","430.00","","-5.08%"
"02/04/2020","453.00","453.00","453.00","453.00","","-2.79%"
"02/03/2020","466.00","466.00","466.00","466.00","","-4.31%"
"01/31/2020","487.00","487.00","487.00","487.00","","-2.21%"
"01/30/2020","498.00","498.00","498.00","498.00","","-5.14%"
"01/29/2020","525.00","525.00","525.00","525.00","","-2.60%"
"01/28/2020","539.00","539.00","539.00","539.00","","-1.28%"
"01/27/2020","546.00","546.00","546.00","546.00","","-1.97%"
"01/24/2020","557.00","557.00","557.00","557.00","","-3.30%"
"01/23/2020","576.00","576.00","576.00","576.00","","-7.54%"
"01/22/2020","623.00","623.00","623.00","623.00","","-9.58%"
"01/21/2020","689.00","689.00","689.00","689.00","","-5.49%"
"01/20/2020","729.00","729.00","729.00","729.00","","-3.32%"
"01/17/2020","754.00","754.00","754.00","754.00","","-1.82%"
"01/16/2020","768.00","768.00","768.00","768.00","","0.00%"
"01/15/2020","768.00","768.00","768.00","768.00","","0.66%"
"01/14/2020","763.00","763.00","763.00","763.00","","-0.26%"
"01/13/2020","765.00","765.00","765.00","765.00","","-1.16%"
"01/10/2020","774.00","774.00","774.00","774.00","","0.26%"
"01/09/2020","772.00","772.00","772.00","772.00","","-0.13%"
"01/08/2020","773.00","773.00","773.00","773.00","","-2.28%"
"01/07/2020","791.00","791.00","791.00","791.00","","-6.28%"
"01/06/2020","844.00","844.00","844.00","844.00","","-6.95%"
"01/03/2020","907.00","907.00","907.00","907.00","","-7.07%"
"01/02/2020","976.00","976.00","976.00","976.00","","-10.46%"
"12/24/2019","1,090.00","1,090.00","1,090.00","1,090.00","","-1.18%"
"12/23/2019","1,103.00","1,103.00","1,103.00","1,103.00","","-1.78%"
"12/20/2019","1,123.00","1,123.00","1,123.00","1,123.00","","-2.43%"
"12/19/2019","1,151.00","1,151.00","1,151.00","1,151.00","","-5.73%"
"12/18/2019","1,221.00","1,221.00","1,221.00","1,221.00","","-4.68%"
"12/17/2019","1,281.00","1,281.00","1,281.00","1,281.00","","-2.59%"
"12/16/2019","1,315.00","1,315.00","1,315.00","1,315.00","","-2.95%"
"12/13/2019","1,355.00","1,355.00","1,355.00","1,355.00","","-2.38%"
"12/12/2019","1,388.00","1,388.00","1,388.00","1,388.00","","-4.93%"
"12/11/2019","1,460.00","1,460.00","1,460.00","1,460.00","","-4.45%"
"12/10/2019","1,528.00","1,528.00","1,528.00","1,528.00","","-1.48%"
"12/09/2019","1,551.00","1,551.00","1,551.00","1,551.00","","-0.45%"
"12/06/2019","1,558.00","1,558.00","1,558.00","1,558.00","","-1.08%"
"12/05/2019","1,575.00","1,575.00","1,575.00","1,575.00","","-1.50%"
"12/04/2019","1,599.00","1,599.00","1,599.00","1,599.00","","-0.44%"
"12/03/2019","1,606.00","1,606.00","1,606.00","1,606.00","","2.42%"
"12/02/2019","1,568.00","1,568.00","1,568.00","1,568.00","","2.62%"
"11/29/2019","1,528.00","1,528.00","1,528.00","1,528.00","","4.16%"
"11/28/2019","1,467.00","1,467.00","1,467.00","1,467.00","","1.88%"
"11/27/2019","1,440.00","1,440.00","1,440.00","1,440.00","","0.98%"
"11/26/2019","1,426.00","1,426.00","1,426.00","1,426.00","","5.55%"
"11/25/2019","1,351.00","1,351.00","1,351.00","1,351.00","","5.22%"
"11/22/2019","1,284.00","1,284.00","1,284.00","1,284.00","","2.31%"
"11/21/2019","1,255.00","1,255.00","1,255.00","1,255.00","","-0.40%"
"11/20/2019","1,260.00","1,260.00","1,260.00","1,260.00","","-3.37%"
"11/19/2019","1,304.00","1,304.00","1,304.00","1,304.00","","-2.54%"
"11/18/2019","1,338.00","1,338.00","1,338.00","1,338.00","","-1.40%"
"11/15/2019","1,357.00","1,357.00","1,357.00","1,357.00","","-0.51%"
"11/14/2019","1,364.00","1,364.00","1,364.00","1,364.00","","-0.07%"
"11/13/2019","1,365.00","1,365.00","1,365.00","1,365.00","","0.81%"
"11/12/2019","1,354.00","1,354.00","1,354.00","1,354.00","","0.67%"
"11/11/2019","1,345.00","1,345.00","1,345.00","1,345.00","","-2.39%"
"11/08/2019","1,378.00","1,378.00","1,378.00","1,378.00","","-3.50%"
"11/07/2019","1,428.00","1,428.00","1,428.00","1,428.00","","-6.85%"
"11/06/2019","1,533.00","1,533.00","1,533.00","1,533.00","","-7.43%"
"11/05/2019","1,656.00","1,656.00","1,656.00","1,656.00","","-1.13%"
"11/04/2019","1,675.00","1,675.00","1,675.00","1,675.00","","-1.30%"
"11/01/2019","1,697.00","1,697.00","1,697.00","1,697.00","","-1.96%"
"10/31/2019","1,731.00","1,731.00","1,731.00","1,731.00","","-2.86%"
"10/30/2019","1,782.00","1,782.00","1,782.00","1,782.00","","-1.11%"
"10/29/2019","1,802.00","1,802.00","1,802.00","1,802.00","","-0.06%"
"10/28/2019","1,803.00","1,803.00","1,803.00","1,803.00","","0.11%"
"10/25/2019","1,801.00","1,801.00","1,801.00","1,801.00","","0.90%"
"10/24/2019","1,785.00","1,785.00","1,785.00","1,785.00","","0.34%"
"10/23/2019","1,779.00","1,779.00","1,779.00","1,779.00","","-1.50%"
"10/22/2019","1,806.00","1,806.00","1,806.00","1,806.00","","-2.17%"
"10/21/2019","1,846.00","1,846.00","1,846.00","1,846.00","","-0.49%"
"10/18/2019","1,855.00","1,855.00","1,855.00","1,855.00","","-0.32%"
"10/17/2019","1,861.00","1,861.00","1,861.00","1,861.00","","-1.90%"
"10/16/2019","1,897.00","1,897.00","1,897.00","1,897.00","","-0.05%"
"10/15/2019","1,898.00","1,898.00","1,898.00","1,898.00","","-0.94%"
"10/14/2019","1,916.00","1,916.00","1,916.00","1,916.00","","-0.42%"
"10/11/2019","1,924.00","1,924.00","1,924.00","1,924.00","","-0.26%"
"10/10/2019","1,929.00","1,929.00","1,929.00","1,929.00","","2.99%"
"10/09/2019","1,873.00","1,873.00","1,873.00","1,873.00","","4.00%"
"10/08/2019","1,801.00","1,801.00","1,801.00","1,801.00","","1.75%"
"10/07/2019","1,770.00","1,770.00","1,770.00","1,770.00","","0.17%"
"10/04/2019","1,767.00","1,767.00","1,767.00","1,767.00","","0.57%"
"10/03/2019","1,757.00","1,757.00","1,757.00","1,757.00","","-2.55%"
"10/02/2019","1,803.00","1,803.00","1,803.00","1,803.00","","-0.33%"
"10/01/2019","1,809.00","1,809.00","1,809.00","1,809.00","","-0.77%"
"09/30/2019","1,823.00","1,823.00","1,823.00","1,823.00","","-1.83%"
"09/27/2019","1,857.00","1,857.00","1,857.00","1,857.00","","-5.40%"
"09/26/2019","1,963.00","1,963.00","1,963.00","1,963.00","","-4.38%"
"09/25/2019","2,053.00","2,053.00","2,053.00","2,053.00","","-2.98%"
"09/24/2019","2,116.00","2,116.00","2,116.00","2,116.00","","0.38%"
"09/23/2019","2,108.00","2,108.00","2,108.00","2,108.00","","-1.08%"
"09/20/2019","2,131.00","2,131.00","2,131.00","2,131.00","","-2.78%"
"09/19/2019","2,192.00","2,192.00","2,192.00","2,192.00","","-3.27%"
"09/18/2019","2,266.00","2,266.00","2,266.00","2,266.00","","-0.74%"
"09/17/2019","2,283.00","2,283.00","2,283.00","2,283.00","","-1.21%"
"09/16/2019","2,311.00","2,311.00","2,311.00","2,311.00","","-0.04%"
"09/13/2019","2,312.00","2,312.00","2,312.00","2,312.00","","-0.82%"
"09/12/2019","2,331.00","2,331.00","2,331.00","2,331.00","","-1.48%"
"09/11/2019","2,366.00","2,366.00","2,366.00","2,366.00","","-1.13%"
"09/10/2019","2,393.00","2,393.00","2,393.00","2,393.00","","-1.20%"
"09/09/2019","2,422.00","2,422.00","2,422.00","2,422.00","","-1.62%"
"09/06/2019","2,462.00","2,462.00","2,462.00","2,462.00","","-1.48%"
"09/05/2019","2,499.00","2,499.00","2,499.00","2,499.00","","-0.75%"
"09/04/2019","2,518.00","2,518.00","2,518.00","2,518.00","","0.68%"
"09/03/2019","2,501.00","2,501.00","2,501.00","2,501.00","","2.42%"
"09/02/2019","2,442.00","2,442.00","2,442.00","2,442.00","","2.69%"
"08/30/2019","2,378.00","2,378.00","2,378.00","2,378.00","","4.44%"
"08/29/2019","2,277.00","2,277.00","2,277.00","2,277.00","","0.44%"
"08/28/2019","2,267.00","2,267.00","2,267.00","2,267.00","","2.44%"
"08/27/2019","2,213.00","2,213.00","2,213.00","2,213.00","","2.08%"
"08/23/2019","2,168.00","2,168.00","2,168.00","2,168.00","","2.36%"
"08/22/2019","2,118.00","2,118.00","2,118.00","2,118.00","","2.77%"
"08/21/2019","2,061.00","2,061.00","2,061.00","2,061.00","","0.10%"
"08/20/2019","2,059.00","2,059.00","2,059.00","2,059.00","","-0.39%"
"08/19/2019","2,067.00","2,067.00","2,067.00","2,067.00","","-1.01%"
"08/16/2019","2,088.00","2,088.00","2,088.00","2,088.00","","2.00%"
"08/15/2019","2,047.00","2,047.00","2,047.00","2,047.00","","4.97%"
"08/14/2019","1,950.00","1,950.00","1,950.00","1,950.00","","4.61%"
"08/13/2019","1,864.00","1,864.00","1,864.00","1,864.00","","5.07%"
"08/12/2019","1,774.00","1,774.00","1,774.00","1,774.00","","1.49%"
"08/09/2019","1,748.00","1,748.00","1,748.00","1,748.00","","1.63%"
"08/08/2019","1,720.00","1,720.00","1,720.00","1,720.00","","0.47%"
"08/07/2019","1,712.00","1,712.00","1,712.00","1,712.00","","-1.27%"
"08/06/2019","1,734.00","1,734.00","1,734.00","1,734.00","","-2.25%"
"08/05/2019","1,774.00","1,774.00","1,774.00","1,774.00","","-0.78%"
"08/02/2019","1,788.00","1,788.00","1,788.00","1,788.00","","-1.32%"
"08/01/2019","1,812.00","1,812.00","1,812.00","1,812.00","","-3.00%"
"07/31/2019","1,868.00","1,868.00","1,868.00","1,868.00","","-1.63%"
"07/30/2019","1,899.00","1,899.00","1,899.00","1,899.00","","-1.20%"
"07/29/2019","1,922.00","1,922.00","1,922.00","1,922.00","","-0.77%"
"07/26/2019","1,937.00","1,937.00","1,937.00","1,937.00","","-0.51%"
"07/25/2019","1,947.00","1,947.00","1,947.00","1,947.00","","-3.33%"
"07/24/2019","2,014.00","2,014.00","2,014.00","2,014.00","","-6.97%"
"07/23/2019","2,165.00","2,165.00","2,165.00","2,165.00","","-1.19%"
"07/22/2019","2,191.00","2,191.00","2,191.00","2,191.00","","0.97%"
"07/19/2019","2,170.00","2,170.00","2,170.00","2,170.00","","1.88%"
"07/18/2019","2,130.00","2,130.00","2,130.00","2,130.00","","3.20%"
"07/17/2019","2,064.00","2,064.00","2,064.00","2,064.00","","2.64%"
"07/16/2019","2,011.00","2,011.00","2,011.00","2,011.00","","4.30%"
"07/15/2019","1,928.00","1,928.00","1,928.00","1,928.00","","3.38%"
"07/12/2019","1,865.00","1,865.00","1,865.00","1,865.00","","2.70%"
"07/11/2019","1,816.00","1,816.00","1,816.00","1,816.00","","2.19%"
"07/10/2019","1,777.00","1,777.00","1,777.00","1,777.00","","1.02%"
"07/09/2019","1,759.00","1,759.00","1,759.00","1,759.00","","1.97%"
"07/08/2019","1,725.00","1,725.00","1,725.00","1,725.00","","-0.86%"
"07/05/2019","1,740.00","1,740.00","1,740.00","1,740.00","","2.35%"
"07/04/2019","1,700.00","1,700.00","1,700.00","1,700.00","","9.75%"
"07/03/2019","1,549.00","1,549.00","1,549.00","1,549.00","","7.12%"
"07/02/2019","1,446.00","1,446.00","1,446.00","1,446.00","","4.71%"
"07/01/2019","1,381.00","1,381.00","1,381.00","1,381.00","","1.99%"
"06/28/2019","1,354.00","1,354.00","1,354.00","1,354.00","","1.04%"
"06/27/2019","1,340.00","1,340.00","1,340.00","1,340.00","","1.75%"
"06/26/2019","1,317.00","1,317.00","1,317.00","1,317.00","","2.89%"
"06/25/2019","1,280.00","1,280.00","1,280.00","1,280.00","","1.75%"
"06/24/2019","1,258.00","1,258.00","1,258.00","1,258.00","","1.53%"
"06/21/2019","1,239.00","1,239.00","1,239.00","1,239.00","","3.77%"
"06/20/2019","1,194.00","1,194.00","1,194.00","1,194.00","","1.27%"
"06/19/2019","1,179.00","1,179.00","1,179.00","1,179.00","","3.88%"
"06/18/2019","1,135.00","1,135.00","1,135.00","1,135.00","","3.84%"
"06/17/2019","1,093.00","1,093.00","1,093.00","1,093.00","","0.74%"
"06/14/2019","1,085.00","1,085.00","1,085.00","1,085.00","","2.17%"
"06/13/2019","1,062.00","1,062.00","1,062.00","1,062.00","","-1.67%"
"06/12/2019","1,080.00","1,080.00","1,080.00","1,080.00","","-2.26%"
"06/11/2019","1,105.00","1,105.00","1,105.00","1,105.00","","-1.78%"
"06/10/2019","1,125.00","1,125.00","1,125.00","1,125.00","","-1.14%"
"06/07/2019","1,138.00","1,138.00","1,138.00","1,138.00","","0.00%"
"06/06/2019","1,138.00","1,138.00","1,138.00","1,138.00","","-0.26%"
"06/05/2019","1,141.00","1,141.00","1,141.00","1,141.00","","1.69%"
"06/04/2019","1,122.00","1,122.00","1,122.00","1,122.00","","1.72%"
"06/03/2019","1,103.00","1,103.00","1,103.00","1,103.00","","0.64%"
"05/31/2019","1,096.00","1,096.00","1,096.00","1,096.00","","-0.09%"
"05/30/2019","1,097.00","1,097.00","1,097.00","1,097.00","","-0.90%"
"05/29/2019","1,107.00","1,107.00","1,107.00","1,107.00","","2.31%"
"05/28/2019","1,082.00","1,082.00","1,082.00","1,082.00","","1.50%"
"05/24/2019","1,066.00","1,066.00","1,066.00","1,066.00","","-0.19%"
"05/23/2019","1,068.00","1,068.00","1,068.00","1,068.00","","0.85%"
"05/22/2019","1,059.00","1,059.00","1,059.00","1,059.00","","0.95%"
"05/21/2019","1,049.00","1,049.00","1,049.00","1,049.00","","0.77%"
"05/20/2019","1,041.00","1,041.00","1,041.00","1,041.00","","0.10%"
"05/17/2019","1,040.00","1,040.00","1,040.00","1,040.00","","0.78%"
"05/16/2019","1,032.00","1,032.00","1,032.00","1,032.00","","0.00%"
"05/15/2019","1,032.00","1,032.00","1,032.00","1,032.00","","-1.05%"
"05/14/2019","1,043.00","1,043.00","1,043.00","1,043.00","","1.66%"
"05/13/2019","1,026.00","1,026.00","1,026.00","1,026.00","","1.28%"
"05/10/2019","1,013.00","1,013.00","1,013.00","1,013.00","","4.00%"
"05/09/2019","974.00","974.00","974.00","974.00","","3.62%"
"05/08/2019","940.00","940.00","940.00","940.00","","0.43%"
"05/07/2019","936.00","936.00","936.00","936.00","","-4.97%"
"05/03/2019","985.00","985.00","985.00","985.00","","-4.55%"
"05/02/2019","1,032.00","1,032.00","1,032.00","1,032.00","","0.10%"
"05/01/2019","1,031.00","1,031.00","1,031.00","1,031.00","","1.98%"
"04/30/2019","1,011.00","1,011.00","1,011.00","1,011.00","","10.73%"
"04/29/2019","913.00","913.00","913.00","913.00","","2.70%"
"04/26/2019","889.00","889.00","889.00","889.00","","2.30%"
"04/25/2019","869.00","869.00","869.00","869.00","","2.24%"
"04/24/2019","850.00","850.00","850.00","850.00","","3.53%"
"04/23/2019","821.00","821.00","821.00","821.00","","3.92%"
"04/18/2019","790.00","790.00","790.00","790.00","","3.00%"
"04/17/2019","767.00","767.00","767.00","767.00","","2.40%"
"04/16/2019","749.00","749.00","749.00","749.00","","1.49%"
"04/15/2019","738.00","738.00","738.00","738.00","","1.65%"
"04/12/2019","726.00","726.00","726.00","726.00","","-0.27%"
"04/11/2019","728.00","728.00","728.00","728.00","","-0.82%"
"04/10/2019","734.00","734.00","734.00","734.00","","1.24%"
"04/09/2019","725.00","725.00","725.00","725.00","","1.54%"
"04/08/2019","714.00","714.00","714.00","714.00","","0.42%"
"04/05/2019","711.00","711.00","711.00","711.00","","1.72%"
"04/04/2019","699.00","699.00","699.00","699.00","","4.02%"
"04/03/2019","672.00","672.00","672.00","672.00","","-0.30%"
"04/02/2019","674.00","674.00","674.00","674.00","","-1.61%"
"04/01/2019","685.00","685.00","685.00","685.00","","-0.58%"
"03/29/2019","689.00","689.00","689.00","689.00","","-0.43%"
"03/28/2019","692.00","692.00","692.00","692.00","","0.29%"
"03/27/2019","690.00","690.00","690.00","690.00","","1.02%"
"03/26/2019","683.00","683.00","683.00","683.00","","-0.87%"
"03/25/2019","689.00","689.00","689.00","689.00","","-0.14%"
"03/22/2019","690.00","690.00","690.00","690.00","","-0.72%"
"03/21/2019","695.00","695.00","695.00","695.00","","-1.97%"
"03/20/2019","709.00","709.00","709.00","709.00","","-0.42%"
"03/19/2019","712.00","712.00","712.00","712.00","","-1.25%"
"03/18/2019","721.00","721.00","721.00","721.00","","-1.23%"
"03/15/2019","730.00","730.00","730.00","730.00","","7.83%"
"03/14/2019","677.00","677.00","677.00","677.00","","3.52%"
"03/13/2019","654.00","654.00","654.00","654.00","","1.08%"
"03/12/2019","647.00","647.00","647.00","647.00","","0.31%"
"03/11/2019","645.00","645.00","645.00","645.00","","-0.62%"
"03/08/2019","649.00","649.00","649.00","649.00","","-1.22%"
"03/07/2019","657.00","657.00","657.00","657.00","","-1.05%"
"03/06/2019","664.00","664.00","664.00","664.00","","0.15%"
"03/05/2019","663.00","663.00","663.00","663.00","","-0.90%"
"03/04/2019","669.00","669.00","669.00","669.00","","0.75%"
"03/01/2019","664.00","664.00","664.00","664.00","","0.91%"
"02/28/2019","658.00","658.00","658.00","658.00","","1.08%"
"02/27/2019","651.00","651.00","651.00","651.00","","0.31%"
"02/26/2019","649.00","649.00","649.00","649.00","","1.88%"
"02/25/2019","637.00","637.00","637.00","637.00","","0.47%"
"02/22/2019","634.00","634.00","634.00","634.00","","0.63%"
"02/21/2019","630.00","630.00","630.00","630.00","","1.29%"
"02/20/2019","622.00","622.00","622.00","622.00","","-2.05%"
"02/19/2019","635.00","635.00","635.00","635.00","","-1.24%"
"02/18/2019","643.00","643.00","643.00","643.00","","0.63%"
"02/15/2019","639.00","639.00","639.00","639.00","","1.75%"
"02/14/2019","628.00","628.00","628.00","628.00","","3.29%"
"02/13/2019","608.00","608.00","608.00","608.00","","1.67%"
"02/12/2019","598.00","598.00","598.00","598.00","","0.50%"
"02/11/2019","595.00","595.00","595.00","595.00","","-1.00%"
"02/08/2019","601.00","601.00","601.00","601.00","","-1.48%"
"02/07/2019","610.00","610.00","610.00","610.00","","-3.02%"
"02/06/2019","629.00","629.00","629.00","629.00","","0.00%"
"02/05/2019","629.00","629.00","629.00","629.00","","-0.79%"
"02/04/2019","634.00","634.00","634.00","634.00","","-1.71%"
"02/01/2019","645.00","645.00","645.00","645.00","","-3.44%"
"01/31/2019","668.00","668.00","668.00","668.00","","-7.35%"
"01/30/2019","721.00","721.00","721.00","721.00","","-9.54%"
"01/29/2019","797.00","797.00","797.00","797.00","","-6.46%"
"01/28/2019","852.00","852.00","852.00","852.00","","-5.86%"
"01/25/2019","905.00","905.00","905.00","905.00","","-3.62%"
"01/24/2019","939.00","939.00","939.00","939.00","","-4.38%"
"01/23/2019","982.00","982.00","982.00","982.00","","-5.21%"
"01/22/2019","1,036.00","1,036.00","1,036.00","1,036.00","","-5.13%"
"01/21/2019","1,092.00","1,092.00","1,092.00","1,092.00","","-1.80%"
"01/18/2019","1,112.00","1,112.00","1,112.00","1,112.00","","3.25%"
"01/17/2019","1,077.00","1,077.00","1,077.00","1,077.00","","2.09%"
"01/16/2019","1,055.00","1,055.00","1,055.00","1,055.00","","-3.74%"
"01/15/2019","1,096.00","1,096.00","1,096.00","1,096.00","","-4.45%"
"01/14/2019","1,147.00","1,147.00","1,147.00","1,147.00","","-1.88%"
"01/11/2019","1,169.00","1,169.00","1,169.00","1,169.00","","-1.68%"
"01/10/2019","1,189.00","1,189.00","1,189.00","1,189.00","","-3.96%"
"01/09/2019","1,238.00","1,238.00","1,238.00","1,238.00","","-1.90%"
"01/08/2019","1,262.00","1,262.00","1,262.00","1,262.00","","1.20%"
"01/07/2019","1,247.00","1,247.00","1,247.00","1,247.00","","-1.03%"
"01/04/2019","1,260.00","1,260.00","1,260.00","1,260.00","","-0.55%"
"01/03/2019","1,267.00","1,267.00","1,267.00","1,267.00","","-1.17%"
"01/02/2019","1,282.00","1,282.00","1,282.00","1,282.00","","0.87%"
"12/24/2018","1,271.00","1,271.00","1,271.00","1,271.00","","-0.63%"
"12/21/2018","1,279.00","1,279.00","1,279.00","1,279.00","","-2.96%"
"12/20/2018","1,318.00","1,318.00","1,318.00","1,318.00","","-4.35%"
"12/19/2018","1,378.00","1,378.00","1,378.00","1,378.00","","-1.22%"
"12/18/2018","1,395.00","1,395.00","1,395.00","1,395.00","","-0.78%"
"12/17/2018","1,406.00","1,406.00","1,406.00","1,406.00","","0.36%"
"12/14/2018","1,401.00","1,401.00","1,401.00","1,401.00","","2.64%"
"12/13/2018","1,365.00","1,365.00","1,365.00","1,365.00","","0.89%"
"12/12/2018","1,353.00","1,353.00","1,353.00","1,353.00","","-0.81%"
"12/11/2018","1,364.00","1,364.00","1,364.00","1,364.00","","-1.52%"
"12/10/2018","1,385.00","1,385.00","1,385.00","1,385.00","","0.95%"
"12/07/2018","1,372.00","1,372.00","1,372.00","1,372.00","","2.46%"
"12/06/2018","1,339.00","1,339.00","1,339.00","1,339.00","","3.32%"
"12/05/2018","1,296.00","1,296.00","1,296.00","1,296.00","","4.77%"
"12/04/2018","1,237.00","1,237.00","1,237.00","1,237.00","","2.83%"
"12/03/2018","1,203.00","1,203.00","1,203.00","1,203.00","","-2.27%"
"11/30/2018","1,231.00","1,231.00","1,231.00","1,231.00","","-3.90%"
"11/29/2018","1,281.00","1,281.00","1,281.00","1,281.00","","-3.68%"
"11/28/2018","1,330.00","1,330.00","1,330.00","1,330.00","","-0.67%"
"11/27/2018","1,339.00","1,339.00","1,339.00","1,339.00","","10.02%"
"11/26/2018","1,217.00","1,217.00","1,217.00","1,217.00","","11.34%"
"11/23/2018","1,093.00","1,093.00","1,093.00","1,093.00","","7.37%"
"11/22/2018","1,018.00","1,018.00","1,018.00","1,018.00","","0.99%"
"11/21/2018","1,008.00","1,008.00","1,008.00","1,008.00","","0.50%"
"11/20/2018","1,003.00","1,003.00","1,003.00","1,003.00","","-1.96%"
"11/19/2018","1,023.00","1,023.00","1,023.00","1,023.00","","-0.78%"
"11/16/2018","1,031.00","1,031.00","1,031.00","1,031.00","","1.08%"
"11/15/2018","1,020.00","1,020.00","1,020.00","1,020.00","","1.09%"
"11/14/2018","1,009.00","1,009.00","1,009.00","1,009.00","","-5.17%"
"11/13/2018","1,064.00","1,064.00","1,064.00","1,064.00","","-5.42%"
"11/12/2018","1,125.00","1,125.00","1,125.00","1,125.00","","-1.92%"
"11/09/2018","1,147.00","1,147.00","1,147.00","1,147.00","","-6.82%"
"11/08/2018","1,231.00","1,231.00","1,231.00","1,231.00","","-5.60%"
"11/07/2018","1,304.00","1,304.00","1,304.00","1,304.00","","-6.52%"
"11/06/2018","1,395.00","1,395.00","1,395.00","1,395.00","","-2.31%"
"11/05/2018","1,428.00","1,428.00","1,428.00","1,428.00","","-1.99%"
"11/02/2018","1,457.00","1,457.00","1,457.00","1,457.00","","-0.88%"
"11/01/2018","1,470.00","1,470.00","1,470.00","1,470.00","","-1.34%"
"10/31/2018","1,490.00","1,490.00","1,490.00","1,490.00","","-1.52%"
"10/30/2018","1,513.00","1,513.00","1,513.00","1,513.00","","-0.59%"
"10/29/2018","1,522.00","1,522.00","1,522.00","1,522.00","","0.20%"
"10/26/2018","1,519.00","1,519.00","1,519.00","1,519.00","","0.20%"
"10/25/2018","1,516.00","1,516.00","1,516.00","1,516.00","","-1.94%"
"10/24/2018","1,546.00","1,546.00","1,546.00","1,546.00","","-1.97%"
"10/23/2018","1,577.00","1,577.00","1,577.00","1,577.00","","-0.13%"
"10/22/2018","1,579.00","1,579.00","1,579.00","1,579.00","","0.19%"
"10/19/2018","1,576.00","1,576.00","1,576.00","1,576.00","","0.70%"
"10/18/2018","1,565.00","1,565.00","1,565.00","1,565.00","","0.71%"
"10/17/2018","1,554.00","1,554.00","1,554.00","1,554.00","","-1.52%"
"10/16/2018","1,578.00","1,578.00","1,578.00","1,578.00","","-0.38%"
"10/15/2018","1,584.00","1,584.00","1,584.00","1,584.00","","0.32%"
"10/12/2018","1,579.00","1,579.00","1,579.00","1,579.00","","4.22%"
"10/11/2018","1,515.00","1,515.00","1,515.00","1,515.00","","1.47%"
"10/10/2018","1,493.00","1,493.00","1,493.00","1,493.00","","-0.67%"
"10/09/2018","1,503.00","1,503.00","1,503.00","1,503.00","","-1.76%"
"10/08/2018","1,530.00","1,530.00","1,530.00","1,530.00","","-0.39%"
"10/05/2018","1,536.00","1,536.00","1,536.00","1,536.00","","-1.16%"
"10/04/2018","1,554.00","1,554.00","1,554.00","1,554.00","","-1.27%"
"10/03/2018","1,574.00","1,574.00","1,574.00","1,574.00","","0.25%"
"10/02/2018","1,570.00","1,570.00","1,570.00","1,570.00","","0.96%"
"10/01/2018","1,555.00","1,555.00","1,555.00","1,555.00","","0.97%"
"09/28/2018","1,540.00","1,540.00","1,540.00","1,540.00","","1.05%"
"09/27/2018","1,524.00","1,524.00","1,524.00","1,524.00","","1.40%"
"09/26/2018","1,503.00","1,503.00","1,503.00","1,503.00","","3.66%"
"09/25/2018","1,450.00","1,450.00","1,450.00","1,450.00","","1.12%"
"09/24/2018","1,434.00","1,434.00","1,434.00","1,434.00","","1.49%"
"09/21/2018","1,413.00","1,413.00","1,413.00","1,413.00","","1.22%"
"09/20/2018","1,396.00","1,396.00","1,396.00","1,396.00","","1.68%"
"09/19/2018","1,373.00","1,373.00","1,373.00","1,373.00","","1.25%"
"09/18/2018","1,356.00","1,356.00","1,356.00","1,356.00","","-0.07%"
"09/17/2018","1,357.00","1,357.00","1,357.00","1,357.00","","-0.66%"
"09/14/2018","1,366.00","1,366.00","1,366.00","1,366.00","","-1.16%"
"09/13/2018","1,382.00","1,382.00","1,382.00","1,382.00","","-2.06%"
"09/12/2018","1,411.00","1,411.00","1,411.00","1,411.00","","-1.95%"
"09/11/2018","1,439.00","1,439.00","1,439.00","1,439.00","","-2.90%"
"09/10/2018","1,482.00","1,482.00","1,482.00","1,482.00","","-0.54%"
"09/07/2018","1,490.00","1,490.00","1,490.00","1,490.00","","0.40%"
"09/06/2018","1,484.00","1,484.00","1,484.00","1,484.00","","0.47%"
"09/05/2018","1,477.00","1,477.00","1,477.00","1,477.00","","-2.38%"
"09/04/2018","1,513.00","1,513.00","1,513.00","1,513.00","","-2.83%"
"09/03/2018","1,557.00","1,557.00","1,557.00","1,557.00","","-1.39%"
"08/31/2018","1,579.00","1,579.00","1,579.00","1,579.00","","-2.17%"
"08/30/2018","1,614.00","1,614.00","1,614.00","1,614.00","","-2.83%"
"08/29/2018","1,661.00","1,661.00","1,661.00","1,661.00","","-1.37%"
"08/28/2018","1,684.00","1,684.00","1,684.00","1,684.00","","-0.77%"
"08/24/2018","1,697.00","1,697.00","1,697.00","1,697.00","","-0.70%"
"08/23/2018","1,709.00","1,709.00","1,709.00","1,709.00","","-1.50%"
"08/22/2018","1,735.00","1,735.00","1,735.00","1,735.00","","-0.06%"
"08/21/2018","1,736.00","1,736.00","1,736.00","1,736.00","","0.52%"
"08/20/2018","1,727.00","1,727.00","1,727.00","1,727.00","","0.23%"
"08/17/2018","1,723.00","1,723.00","1,723.00","1,723.00","","0.17%"
"08/16/2018","1,720.00","1,720.00","1,720.00","1,720.00","","-0.41%"
"08/15/2018","1,727.00","1,727.00","1,727.00","1,727.00","","0.12%"
"08/14/2018","1,725.00","1,725.00","1,725.00","1,725.00","","0.94%"
"08/13/2018","1,709.00","1,709.00","1,709.00","1,709.00","","1.06%"
"08/10/2018","1,691.00","1,691.00","1,691.00","1,691.00","","-0.18%"
"08/09/2018","1,694.00","1,694.00","1,694.00","1,694.00","","-0.59%"
"08/08/2018","1,704.00","1,704.00","1,704.00","1,704.00","","-1.62%"
"08/07/2018","1,732.00","1,732.00","1,732.00","1,732.00","","-2.31%"
"08/06/2018","1,773.00","1,773.00","1,773.00","1,773.00","","0.00%"
"08/03/2018","1,773.00","1,773.00","1,773.00","1,773.00","","0.97%"
"08/02/2018","1,756.00","1,756.00","1,756.00","1,756.00","","-0.23%"
"08/01/2018","1,760.00","1,760.00","1,760.00","1,760.00","","0.74%"
"07/31/2018","1,747.00","1,747.00","1,747.00","1,747.00","","2.58%"
"07/30/2018","1,703.00","1,703.00","1,703.00","1,703.00","","1.61%"
"07/27/2018","1,676.00","1,676.00","1,676.00","1,676.00","","-1.87%"
"07/26/2018","1,708.00","1,708.00","1,708.00","1,708.00","","-3.61%"
"07/25/2018","1,772.00","1,772.00","1,772.00","1,772.00","","-0.11%"
"07/24/2018","1,774.00","1,774.00","1,774.00","1,774.00","","3.26%"
"07/23/2018","1,718.00","1,718.00","1,718.00","1,718.00","","1.72%"
"07/20/2018","1,689.00","1,689.00","1,689.00","1,689.00","","1.93%"
"07/19/2018","1,657.00","1,657.00","1,657.00","1,657.00","","-1.84%"
"07/18/2018","1,688.00","1,688.00","1,688.00","1,688.00","","-1.92%"
"07/17/2018","1,721.00","1,721.00","1,721.00","1,721.00","","1.53%"
"07/16/2018","1,695.00","1,695.00","1,695.00","1,695.00","","1.74%"
"07/13/2018","1,666.00","1,666.00","1,666.00","1,666.00","","2.08%"
"07/12/2018","1,632.00","1,632.00","1,632.00","1,632.00","","2.90%"
"07/11/2018","1,586.00","1,586.00","1,586.00","1,586.00","","1.99%"
"07/10/2018","1,555.00","1,555.00","1,555.00","1,555.00","","-3.36%"
"07/09/2018","1,609.00","1,609.00","1,609.00","1,609.00","","-0.80%"
"07/06/2018","1,622.00","1,622.00","1,622.00","1,622.00","","0.62%"
"07/05/2018","1,612.00","1,612.00","1,612.00","1,612.00","","2.87%"
"07/04/2018","1,567.00","1,567.00","1,567.00","1,567.00","","6.17%"
"07/03/2018","1,476.00","1,476.00","1,476.00","1,476.00","","3.80%"
"07/02/2018","1,422.00","1,422.00","1,422.00","1,422.00","","2.67%"
"06/29/2018","1,385.00","1,385.00","1,385.00","1,385.00","","4.21%"
"06/28/2018","1,329.00","1,329.00","1,329.00","1,329.00","","1.53%"
"06/27/2018","1,309.00","1,309.00","1,309.00","1,309.00","","-1.06%"
"06/26/2018","1,323.00","1,323.00","1,323.00","1,323.00","","-0.75%"
"06/25/2018","1,333.00","1,333.00","1,333.00","1,333.00","","-0.60%"
"06/22/2018","1,341.00","1,341.00","1,341.00","1,341.00","","-0.45%"
"06/21/2018","1,347.00","1,347.00","1,347.00","1,347.00","","-1.89%"
"06/20/2018","1,373.00","1,373.00","1,373.00","1,373.00","","-3.24%"
"06/19/2018","1,419.00","1,419.00","1,419.00","1,419.00","","-1.60%"
"06/18/2018","1,442.00","1,442.00","1,442.00","1,442.00","","-0.21%"
"06/15/2018","1,445.00","1,445.00","1,445.00","1,445.00","","0.84%"
"06/14/2018","1,433.00","1,433.00","1,433.00","1,433.00","","2.07%"
"06/13/2018","1,404.00","1,404.00","1,404.00","1,404.00","","1.01%"
"06/12/2018","1,390.00","1,390.00","1,390.00","1,390.00","","0.22%"
"06/11/2018","1,387.00","1,387.00","1,387.00","1,387.00","","-0.29%"
"06/08/2018","1,391.00","1,391.00","1,391.00","1,391.00","","-0.29%"
"06/07/2018","1,395.00","1,395.00","1,395.00","1,395.00","","4.10%"
"06/06/2018","1,340.00","1,340.00","1,340.00","1,340.00","","7.29%"
"06/05/2018","1,249.00","1,249.00","1,249.00","1,249.00","","4.69%"
"06/04/2018","1,193.00","1,193.00","1,193.00","1,193.00","","3.20%"
"06/01/2018","1,156.00","1,156.00","1,156.00","1,156.00","","6.06%"
"05/31/2018","1,090.00","1,090.00","1,090.00","1,090.00","","4.61%"
"05/30/2018","1,042.00","1,042.00","1,042.00","1,042.00","","-1.42%"
"05/29/2018","1,057.00","1,057.00","1,057.00","1,057.00","","-1.86%"
"05/25/2018","1,077.00","1,077.00","1,077.00","1,077.00","","-2.89%"
"05/24/2018","1,109.00","1,109.00","1,109.00","1,109.00","","-4.56%"
"05/23/2018","1,162.00","1,162.00","1,162.00","1,162.00","","-3.09%"
"05/22/2018","1,199.00","1,199.00","1,199.00","1,199.00","","-3.23%"
"05/21/2018","1,239.00","1,239.00","1,239.00","1,239.00","","-2.67%"
"05/18/2018","1,273.00","1,273.00","1,273.00","1,273.00","","-2.45%"
"05/17/2018","1,305.00","1,305.00","1,305.00","1,305.00","","-6.99%"
"05/16/2018","1,403.00","1,403.00","1,403.00","1,403.00","","-4.43%"
"05/15/2018","1,468.00","1,468.00","1,468.00","1,468.00","","-0.54%"
"05/14/2018","1,476.00","1,476.00","1,476.00","1,476.00","","0.27%"
"05/11/2018","1,472.00","1,472.00","1,472.00","1,472.00","","1.31%"
"05/10/2018","1,453.00","1,453.00","1,453.00","1,453.00","","-0.82%"
"05/09/2018","1,465.00","1,465.00","1,465.00","1,465.00","","2.30%"
"05/08/2018","1,432.00","1,432.00","1,432.00","1,432.00","","3.47%"
"05/04/2018","1,384.00","1,384.00","1,384.00","1,384.00","","0.58%"
"05/03/2018","1,376.00","1,376.00","1,376.00","1,376.00","","2.23%"
"05/02/2018","1,346.00","1,346.00","1,346.00","1,346.00","","1.43%"
"05/01/2018","1,327.00","1,327.00","1,327.00","1,327.00","","-1.04%"
"04/30/2018","1,341.00","1,341.00","1,341.00","1,341.00","","-1.47%"
"04/27/2018","1,361.00","1,361.00","1,361.00","1,361.00","","-1.02%"
"04/26/2018","1,375.00","1,375.00","1,375.00","1,375.00","","-0.07%"
"04/25/2018","1,376.00","1,376.00","1,376.00","1,376.00","","3.46%"
"04/24/2018","1,330.00","1,330.00","1,330.00","1,330.00","","1.84%"
"04/23/2018","1,306.00","1,306.00","1,306.00","1,306.00","","1.95%"
"04/20/2018","1,281.00","1,281.00","1,281.00","1,281.00","","6.66%"
"04/19/2018","1,201.00","1,201.00","1,201.00","1,201.00","","6.85%"
"04/18/2018","1,124.00","1,124.00","1,124.00","1,124.00","","6.84%"
"04/17/2018","1,052.00","1,052.00","1,052.00","1,052.00","","2.63%"
"04/16/2018","1,025.00","1,025.00","1,025.00","1,025.00","","1.08%"
"04/13/2018","1,014.00","1,014.00","1,014.00","1,014.00","","2.11%"
"04/12/2018","993.00","993.00","993.00","993.00","","1.43%"
"04/11/2018","979.00","979.00","979.00","979.00","","0.51%"
"04/10/2018","974.00","974.00","974.00","974.00","","2.31%"
"04/09/2018","952.00","952.00","952.00","952.00","","0.42%"
"04/06/2018","948.00","948.00","948.00","948.00","","-0.52%"
"04/05/2018","953.00","953.00","953.00","953.00","","-2.46%"
"04/04/2018","977.00","977.00","977.00","977.00","","-3.84%"
"04/03/2018","1,016.00","1,016.00","1,016.00","1,016.00","","-3.70%"
"03/29/2018","1,055.00","1,055.00","1,055.00","1,055.00","","-2.31%"
"03/28/2018","1,080.00","1,080.00","1,080.00","1,080.00","","-3.31%"
"03/27/2018","1,117.00","1,117.00","1,117.00","1,117.00","","-0.80%"
"03/26/2018","1,126.00","1,126.00","1,126.00","1,126.00","","0.36%"
"03/23/2018","1,122.00","1,122.00","1,122.00","1,122.00","","0.45%"
"03/22/2018","1,117.00","1,117.00","1,117.00","1,117.00","","0.00%"
"03/21/2018","1,117.00","1,117.00","1,117.00","1,117.00","","-0.45%"
"03/20/2018","1,122.00","1,122.00","1,122.00","1,122.00","","-1.23%"
"03/19/2018","1,136.00","1,136.00","1,136.00","1,136.00","","-0.61%"
"03/16/2018","1,143.00","1,143.00","1,143.00","1,143.00","","-0.61%"
"03/15/2018","1,150.00","1,150.00","1,150.00","1,150.00","","-1.63%"
"03/14/2018","1,169.00","1,169.00","1,169.00","1,169.00","","-0.85%"
"03/13/2018","1,179.00","1,179.00","1,179.00","1,179.00","","-1.09%"
"03/12/2018","1,192.00","1,192.00","1,192.00","1,192.00","","-0.75%"
"03/09/2018","1,201.00","1,201.00","1,201.00","1,201.00","","0.33%"
"03/08/2018","1,197.00","1,197.00","1,197.00","1,197.00","","0.50%"
"03/07/2018","1,191.00","1,191.00","1,191.00","1,191.00","","-1.73%"
"03/06/2018","1,212.00","1,212.00","1,212.00","1,212.00","","0.17%"
"03/05/2018","1,210.00","1,210.00","1,210.00","1,210.00","","0.25%"
"03/02/2018","1,207.00","1,207.00","1,207.00","1,207.00","","0.92%"
"03/01/2018","1,196.00","1,196.00","1,196.00","1,196.00","","0.34%"
"02/28/2018","1,192.00","1,192.00","1,192.00","1,192.00","","0.34%"
"02/27/2018","1,188.00","1,188.00","1,188.00","1,188.00","","-0.25%"
"02/26/2018","1,191.00","1,191.00","1,191.00","1,191.00","","0.51%"
"02/23/2018","1,185.00","1,185.00","1,185.00","1,185.00","","1.54%"
"02/22/2018","1,167.00","1,167.00","1,167.00","1,167.00","","1.83%"
"02/21/2018","1,146.00","1,146.00","1,146.00","1,146.00","","2.60%"
"02/20/2018","1,117.00","1,117.00","1,117.00","1,117.00","","2.76%"
"02/19/2018","1,087.00","1,087.00","1,087.00","1,087.00","","0.28%"
"02/16/2018","1,084.00","1,084.00","1,084.00","1,084.00","","-0.46%"
"02/15/2018","1,089.00","1,089.00","1,089.00","1,089.00","","-0.55%"
"02/14/2018","1,095.00","1,095.00","1,095.00","1,095.00","","-1.71%"
"02/13/2018","1,114.00","1,114.00","1,114.00","1,114.00","","-0.80%"
"02/12/2018","1,123.00","1,123.00","1,123.00","1,123.00","","-0.18%"
"02/09/2018","1,125.00","1,125.00","1,125.00","1,125.00","","1.72%"
"02/08/2018","1,106.00","1,106.00","1,106.00","1,106.00","","0.82%"
"02/07/2018","1,097.00","1,097.00","1,097.00","1,097.00","","0.18%"
"02/06/2018","1,095.00","1,095.00","1,095.00","1,095.00","","1.20%"
"02/05/2018","1,082.00","1,082.00","1,082.00","1,082.00","","-1.19%"
"02/02/2018","1,095.00","1,095.00","1,095.00","1,095.00","","-1.71%"
"02/01/2018","1,114.00","1,114.00","1,114.00","1,114.00","","-3.30%"
"01/31/2018","1,152.00","1,152.00","1,152.00","1,152.00","","-3.27%"
"01/30/2018","1,191.00","1,191.00","1,191.00","1,191.00","","-1.89%"
"01/29/2018","1,214.00","1,214.00","1,214.00","1,214.00","","-0.41%"
"01/26/2018","1,219.00","1,219.00","1,219.00","1,219.00","","0.16%"
"01/25/2018","1,217.00","1,217.00","1,217.00","1,217.00","","1.42%"
"01/24/2018","1,200.00","1,200.00","1,200.00","1,200.00","","3.72%"
"01/23/2018","1,157.00","1,157.00","1,157.00","1,157.00","","2.48%"
"01/22/2018","1,129.00","1,129.00","1,129.00","1,129.00","","0.36%"
"01/19/2018","1,125.00","1,125.00","1,125.00","1,125.00","","-1.23%"
"01/18/2018","1,139.00","1,139.00","1,139.00","1,139.00","","-2.15%"
"01/17/2018","1,164.00","1,164.00","1,164.00","1,164.00","","-4.67%"
"01/16/2018","1,221.00","1,221.00","1,221.00","1,221.00","","-3.40%"
"01/15/2018","1,264.00","1,264.00","1,264.00","1,264.00","","-1.17%"
"01/12/2018","1,279.00","1,279.00","1,279.00","1,279.00","","-1.84%"
"01/11/2018","1,303.00","1,303.00","1,303.00","1,303.00","","-4.61%"
"01/10/2018","1,366.00","1,366.00","1,366.00","1,366.00","","-2.08%"
"01/09/2018","1,395.00","1,395.00","1,395.00","1,395.00","","0.72%"
"01/08/2018","1,385.00","1,385.00","1,385.00","1,385.00","","1.02%"
"01/05/2018","1,371.00","1,371.00","1,371.00","1,371.00","","2.24%"
"01/04/2018","1,341.00","1,341.00","1,341.00","1,341.00","","6.26%"
"01/03/2018","1,262.00","1,262.00","1,262.00","1,262.00","","2.60%"
"01/02/2018","1,230.00","1,230.00","1,230.00","1,230.00","","-9.96%"
"12/22/2017","1,366.00","1,366.00","1,366.00","1,366.00","","-4.48%"
"12/21/2017","1,430.00","1,430.00","1,430.00","1,430.00","","-3.12%"
"12/20/2017","1,476.00","1,476.00","1,476.00","1,476.00","","-4.59%"
"12/19/2017","1,547.00","1,547.00","1,547.00","1,547.00","","-2.58%"
"12/18/2017","1,588.00","1,588.00","1,588.00","1,588.00","","-1.91%"
"12/15/2017","1,619.00","1,619.00","1,619.00","1,619.00","","-2.94%"
"12/14/2017","1,668.00","1,668.00","1,668.00","1,668.00","","-3.58%"
"12/13/2017","1,730.00","1,730.00","1,730.00","1,730.00","","-0.75%"
"12/12/2017","1,743.00","1,743.00","1,743.00","1,743.00","","0.93%"
"12/11/2017","1,727.00","1,727.00","1,727.00","1,727.00","","1.47%"
"12/08/2017","1,702.00","1,702.00","1,702.00","1,702.00","","1.37%"
"12/07/2017","1,679.00","1,679.00","1,679.00","1,679.00","","0.54%"
"12/06/2017","1,670.00","1,670.00","1,670.00","1,670.00","","0.24%"
"12/05/2017","1,666.00","1,666.00","1,666.00","1,666.00","","0.24%"
"12/04/2017","1,662.00","1,662.00","1,662.00","1,662.00","","2.21%"
"12/01/2017","1,626.00","1,626.00","1,626.00","1,626.00","","3.04%"
"11/30/2017","1,578.00","1,578.00","1,578.00","1,578.00","","2.73%"
"11/29/2017","1,536.00","1,536.00","1,536.00","1,536.00","","1.99%"
"11/28/2017","1,506.00","1,506.00","1,506.00","1,506.00","","1.96%"
"11/27/2017","1,477.00","1,477.00","1,477.00","1,477.00","","1.30%"
"11/24/2017","1,458.00","1,458.00","1,458.00","1,458.00","","0.90%"
"11/23/2017","1,445.00","1,445.00","1,445.00","1,445.00","","2.26%"
"11/22/2017","1,413.00","1,413.00","1,413.00","1,413.00","","1.22%"
"11/21/2017","1,396.00","1,396.00","1,396.00","1,396.00","","0.79%"
"11/20/2017","1,385.00","1,385.00","1,385.00","1,385.00","","1.02%"
"11/17/2017","1,371.00","1,371.00","1,371.00","1,371.00","","0.73%"
"11/16/2017","1,361.00","1,361.00","1,361.00","1,361.00","","-0.95%"
"11/15/2017","1,374.00","1,374.00","1,374.00","1,374.00","","-2.21%"
"11/14/2017","1,405.00","1,405.00","1,405.00","1,405.00","","-2.77%"
"11/13/2017","1,445.00","1,445.00","1,445.00","1,445.00","","-1.30%"
"11/10/2017","1,464.00","1,464.00","1,464.00","1,464.00","","-1.15%"
"11/09/2017","1,481.00","1,481.00","1,481.00","1,481.00","","-0.34%"
"11/08/2017","1,486.00","1,486.00","1,486.00","1,486.00","","0.61%"
"11/07/2017","1,477.00","1,477.00","1,477.00","1,477.00","","0.27%"
"11/06/2017","1,473.00","1,473.00","1,473.00","1,473.00","","-0.20%"
"11/03/2017","1,476.00","1,476.00","1,476.00","1,476.00","","-0.40%"
"11/02/2017","1,482.00","1,482.00","1,482.00","1,482.00","","-0.94%"
"11/01/2017","1,496.00","1,496.00","1,496.00","1,496.00","","-1.71%"
"10/31/2017","1,522.00","1,522.00","1,522.00","1,522.00","","-0.78%"
"10/30/2017","1,534.00","1,534.00","1,534.00","1,534.00","","-0.78%"
"10/27/2017","1,546.00","1,546.00","1,546.00","1,546.00","","-0.58%"
"10/26/2017","1,555.00","1,555.00","1,555.00","1,555.00","","-1.14%"
"10/25/2017","1,573.00","1,573.00","1,573.00","1,573.00","","-0.94%"
"10/24/2017","1,588.00","1,588.00","1,588.00","1,588.00","","0.13%"
"10/23/2017","1,586.00","1,586.00","1,586.00","1,586.00","","0.51%"
"10/20/2017","1,578.00","1,578.00","1,578.00","1,578.00","","-0.25%"
"10/19/2017","1,582.00","1,582.00","1,582.00","1,582.00","","1.02%"
"10/18/2017","1,566.00","1,566.00","1,566.00","1,566.00","","0.90%"
"10/17/2017","1,552.00","1,552.00","1,552.00","1,552.00","","1.90%"
"10/16/2017","1,523.00","1,523.00","1,523.00","1,523.00","","2.56%"
"10/13/2017","1,485.00","1,485.00","1,485.00","1,485.00","","1.85%"
"10/12/2017","1,458.00","1,458.00","1,458.00","1,458.00","","1.74%"
"10/11/2017","1,433.00","1,433.00","1,433.00","1,433.00","","1.06%"
"10/10/2017","1,418.00","1,418.00","1,418.00","1,418.00","","0.50%"
"10/09/2017","1,411.00","1,411.00","1,411.00","1,411.00","","0.43%"
"10/06/2017","1,405.00","1,405.00","1,405.00","1,405.00","","1.66%"
"10/05/2017","1,382.00","1,382.00","1,382.00","1,382.00","","4.70%"
"10/04/2017","1,320.00","1,320.00","1,320.00","1,320.00","","0.92%"
"10/03/2017","1,308.00","1,308.00","1,308.00","1,308.00","","-1.51%"
"10/02/2017","1,328.00","1,328.00","1,328.00","1,328.00","","-2.06%"
"09/29/2017","1,356.00","1,356.00","1,356.00","1,356.00","","-2.52%"
"09/28/2017","1,391.00","1,391.00","1,391.00","1,391.00","","-2.66%"
"09/27/2017","1,429.00","1,429.00","1,429.00","1,429.00","","-3.18%"
"09/26/2017","1,476.00","1,476.00","1,476.00","1,476.00","","-1.80%"
"09/25/2017","1,503.00","1,503.00","1,503.00","1,503.00","","0.07%"
"09/22/2017","1,502.00","1,502.00","1,502.00","1,502.00","","2.18%"
"09/21/2017","1,470.00","1,470.00","1,470.00","1,470.00","","1.45%"
"09/20/2017","1,449.00","1,449.00","1,449.00","1,449.00","","2.40%"
"09/19/2017","1,415.00","1,415.00","1,415.00","1,415.00","","1.22%"
"09/18/2017","1,398.00","1,398.00","1,398.00","1,398.00","","0.94%"
"09/15/2017","1,385.00","1,385.00","1,385.00","1,385.00","","1.76%"
"09/14/2017","1,361.00","1,361.00","1,361.00","1,361.00","","1.80%"
"09/13/2017","1,337.00","1,337.00","1,337.00","1,337.00","","-0.52%"
"09/12/2017","1,344.00","1,344.00","1,344.00","1,344.00","","-0.81%"
"09/11/2017","1,355.00","1,355.00","1,355.00","1,355.00","","1.73%"
"09/08/2017","1,332.00","1,332.00","1,332.00","1,332.00","","2.78%"
"09/07/2017","1,296.00","1,296.00","1,296.00","1,296.00","","3.68%"
"09/06/2017","1,250.00","1,250.00","1,250.00","1,250.00","","2.88%"
"09/05/2017","1,215.00","1,215.00","1,215.00","1,215.00","","2.36%"
"09/04/2017","1,187.00","1,187.00","1,187.00","1,187.00","","0.34%"
"09/01/2017","1,183.00","1,183.00","1,183.00","1,183.00","","-0.08%"
"08/31/2017","1,184.00","1,184.00","1,184.00","1,184.00","","0.25%"
"08/30/2017","1,181.00","1,181.00","1,181.00","1,181.00","","-1.83%"
"08/29/2017","1,203.00","1,203.00","1,203.00","1,203.00","","-0.50%"
"08/25/2017","1,209.00","1,209.00","1,209.00","1,209.00","","0.75%"
"08/24/2017","1,200.00","1,200.00","1,200.00","1,200.00","","-1.80%"
"08/23/2017","1,222.00","1,222.00","1,222.00","1,222.00","","-2.16%"
"08/22/2017","1,249.00","1,249.00","1,249.00","1,249.00","","-1.34%"
"08/21/2017","1,266.00","1,266.00","1,266.00","1,266.00","","0.48%"
"08/18/2017","1,260.00","1,260.00","1,260.00","1,260.00","","1.04%"
"08/17/2017","1,247.00","1,247.00","1,247.00","1,247.00","","3.31%"
"08/16/2017","1,207.00","1,207.00","1,207.00","1,207.00","","3.25%"
"08/15/2017","1,169.00","1,169.00","1,169.00","1,169.00","","1.21%"
"08/14/2017","1,155.00","1,155.00","1,155.00","1,155.00","","1.49%"
"08/11/2017","1,138.00","1,138.00","1,138.00","1,138.00","","4.21%"
"08/10/2017","1,092.00","1,092.00","1,092.00","1,092.00","","4.00%"
"08/09/2017","1,050.00","1,050.00","1,050.00","1,050.00","","1.16%"
"08/08/2017","1,038.00","1,038.00","1,038.00","1,038.00","","0.19%"
"08/07/2017","1,036.00","1,036.00","1,036.00","1,036.00","","0.39%"
"08/04/2017","1,032.00","1,032.00","1,032.00","1,032.00","","0.88%"
"08/03/2017","1,023.00","1,023.00","1,023.00","1,023.00","","3.02%"
"08/02/2017","993.00","993.00","993.00","993.00","","2.90%"
"08/01/2017","965.00","965.00","965.00","965.00","","2.01%"
"07/31/2017","946.00","946.00","946.00","946.00","","1.39%"
"07/28/2017","933.00","933.00","933.00","933.00","","-0.96%"
"07/27/2017","942.00","942.00","942.00","942.00","","-2.69%"
"07/26/2017","968.00","968.00","968.00","968.00","","-1.22%"
"07/25/2017","980.00","980.00","980.00","980.00","","0.31%"
"07/24/2017","977.00","977.00","977.00","977.00","","0.00%"
"07/21/2017","977.00","977.00","977.00","977.00","","1.35%"
"07/20/2017","964.00","964.00","964.00","964.00","","1.69%"
"07/19/2017","948.00","948.00","948.00","948.00","","1.72%"
"07/18/2017","932.00","932.00","932.00","932.00","","2.19%"
"07/17/2017","912.00","912.00","912.00","912.00","","1.33%"
"07/14/2017","900.00","900.00","900.00","900.00","","1.35%"
"07/13/2017","888.00","888.00","888.00","888.00","","3.38%"
"07/12/2017","859.00","859.00","859.00","859.00","","3.49%"
"07/11/2017","830.00","830.00","830.00","830.00","","1.22%"
"07/10/2017","820.00","820.00","820.00","820.00","","-0.24%"
"07/07/2017","822.00","822.00","822.00","822.00","","-0.84%"
"07/06/2017","829.00","829.00","829.00","829.00","","-2.13%"
"07/05/2017","847.00","847.00","847.00","847.00","","-2.76%"
"07/04/2017","871.00","871.00","871.00","871.00","","-1.25%"
"07/03/2017","882.00","882.00","882.00","882.00","","-2.11%"
"06/30/2017","901.00","901.00","901.00","901.00","","-2.07%"
"06/29/2017","920.00","920.00","920.00","920.00","","-0.97%"
"06/28/2017","929.00","929.00","929.00","929.00","","2.88%"
"06/27/2017","903.00","903.00","903.00","903.00","","2.15%"
"06/26/2017","884.00","884.00","884.00","884.00","","1.61%"
"06/23/2017","870.00","870.00","870.00","870.00","","1.75%"
"06/22/2017","855.00","855.00","855.00","855.00","","1.30%"
"06/21/2017","844.00","844.00","844.00","844.00","","-0.35%"
"06/20/2017","847.00","847.00","847.00","847.00","","-0.12%"
"06/19/2017","848.00","848.00","848.00","848.00","","-0.35%"
"06/16/2017","851.00","851.00","851.00","851.00","","-0.47%"
"06/15/2017","855.00","855.00","855.00","855.00","","-1.16%"
"06/14/2017","865.00","865.00","865.00","865.00","","-0.57%"
"06/13/2017","870.00","870.00","870.00","870.00","","0.00%"
"06/12/2017","870.00","870.00","870.00","870.00","","2.47%"
"06/09/2017","849.00","849.00","849.00","849.00","","3.03%"
"06/08/2017","824.00","824.00","824.00","824.00","","0.37%"
"06/07/2017","821.00","821.00","821.00","821.00","","0.37%"
"06/06/2017","818.00","818.00","818.00","818.00","","-0.37%"
"06/05/2017","821.00","821.00","821.00","821.00","","-1.08%"
"06/02/2017","830.00","830.00","830.00","830.00","","-2.35%"
"06/01/2017","850.00","850.00","850.00","850.00","","-3.19%"
"05/31/2017","878.00","878.00","878.00","878.00","","-2.44%"
"05/30/2017","900.00","900.00","900.00","900.00","","-1.32%"
"05/26/2017","912.00","912.00","912.00","912.00","","-0.65%"
"05/25/2017","918.00","918.00","918.00","918.00","","-1.71%"
"05/24/2017","934.00","934.00","934.00","934.00","","-1.58%"
"05/23/2017","949.00","949.00","949.00","949.00","","-0.52%"
"05/22/2017","954.00","954.00","954.00","954.00","","-0.21%"
"05/19/2017","956.00","956.00","956.00","956.00","","-0.10%"
"05/18/2017","957.00","957.00","957.00","957.00","","-0.31%"
"05/17/2017","960.00","960.00","960.00","960.00","","-2.04%"
"05/16/2017","980.00","980.00","980.00","980.00","","-1.41%"
"05/15/2017","994.00","994.00","994.00","994.00","","-1.97%"
"05/12/2017","1,014.00","1,014.00","1,014.00","1,014.00","","0.20%"
"05/11/2017","1,012.00","1,012.00","1,012.00","1,012.00","","0.70%"
"05/10/2017","1,005.00","1,005.00","1,005.00","1,005.00","","-0.20%"
"05/09/2017","1,007.00","1,007.00","1,007.00","1,007.00","","0.60%"
"05/08/2017","1,001.00","1,001.00","1,001.00","1,001.00","","0.70%"
"05/05/2017","994.00","994.00","994.00","994.00","","-1.00%"
"05/04/2017","1,004.00","1,004.00","1,004.00","1,004.00","","-2.90%"
"05/03/2017","1,034.00","1,034.00","1,034.00","1,034.00","","-3.63%"
"05/02/2017","1,073.00","1,073.00","1,073.00","1,073.00","","-3.25%"
"04/28/2017","1,109.00","1,109.00","1,109.00","1,109.00","","-2.20%"
"04/27/2017","1,134.00","1,134.00","1,134.00","1,134.00","","-1.13%"
"04/26/2017","1,147.00","1,147.00","1,147.00","1,147.00","","-0.61%"
"04/25/2017","1,154.00","1,154.00","1,154.00","1,154.00","","-1.37%"
"04/24/2017","1,170.00","1,170.00","1,170.00","1,170.00","","-2.09%"
"04/21/2017","1,195.00","1,195.00","1,195.00","1,195.00","","-3.86%"
"04/20/2017","1,243.00","1,243.00","1,243.00","1,243.00","","-2.74%"
"04/19/2017","1,278.00","1,278.00","1,278.00","1,278.00","","-1.24%"
"04/18/2017","1,294.00","1,294.00","1,294.00","1,294.00","","-0.15%"
"04/13/2017","1,296.00","1,296.00","1,296.00","1,296.00","","1.09%"
"04/12/2017","1,282.00","1,282.00","1,282.00","1,282.00","","1.58%"
"04/11/2017","1,262.00","1,262.00","1,262.00","1,262.00","","2.52%"
"04/10/2017","1,231.00","1,231.00","1,231.00","1,231.00","","0.65%"
"04/07/2017","1,223.00","1,223.00","1,223.00","1,223.00","","0.66%"
"04/06/2017","1,215.00","1,215.00","1,215.00","1,215.00","","-0.65%"
"04/05/2017","1,223.00","1,223.00","1,223.00","1,223.00","","-2.55%"
"04/04/2017","1,255.00","1,255.00","1,255.00","1,255.00","","-2.11%"
"04/03/2017","1,282.00","1,282.00","1,282.00","1,282.00","","-1.16%"
"03/31/2017","1,297.00","1,297.00","1,297.00","1,297.00","","-2.04%"
"03/30/2017","1,324.00","1,324.00","1,324.00","1,324.00","","-1.05%"
"03/29/2017","1,338.00","1,338.00","1,338.00","1,338.00","","0.38%"
"03/28/2017","1,333.00","1,333.00","1,333.00","1,333.00","","3.98%"
"03/27/2017","1,282.00","1,282.00","1,282.00","1,282.00","","3.39%"
"03/24/2017","1,240.00","1,240.00","1,240.00","1,240.00","","3.68%"
"03/23/2017","1,196.00","1,196.00","1,196.00","1,196.00","","0.50%"
"03/22/2017","1,190.00","1,190.00","1,190.00","1,190.00","","-0.83%"
"03/21/2017","1,200.00","1,200.00","1,200.00","1,200.00","","-0.41%"
"03/20/2017","1,205.00","1,205.00","1,205.00","1,205.00","","0.75%"
"03/17/2017","1,196.00","1,196.00","1,196.00","1,196.00","","2.05%"
"03/16/2017","1,172.00","1,172.00","1,172.00","1,172.00","","2.18%"
"03/15/2017","1,147.00","1,147.00","1,147.00","1,147.00","","3.15%"
"03/14/2017","1,112.00","1,112.00","1,112.00","1,112.00","","1.18%"
"03/13/2017","1,099.00","1,099.00","1,099.00","1,099.00","","1.20%"
"03/10/2017","1,086.00","1,086.00","1,086.00","1,086.00","","2.07%"
"03/09/2017","1,064.00","1,064.00","1,064.00","1,064.00","","1.82%"
"03/08/2017","1,045.00","1,045.00","1,045.00","1,045.00","","1.16%"
"03/07/2017","1,033.00","1,033.00","1,033.00","1,033.00","","5.52%"
"03/06/2017","979.00","979.00","979.00","979.00","","4.26%"
"03/03/2017","939.00","939.00","939.00","939.00","","3.87%"
"03/02/2017","904.00","904.00","904.00","904.00","","3.79%"
"03/01/2017","871.00","871.00","871.00","871.00","","1.40%"
"02/28/2017","859.00","859.00","859.00","859.00","","-2.16%"
"02/27/2017","878.00","878.00","878.00","878.00","","0.34%"
"02/24/2017","875.00","875.00","875.00","875.00","","2.22%"
"02/23/2017","856.00","856.00","856.00","856.00","","6.20%"
"02/22/2017","806.00","806.00","806.00","806.00","","3.60%"
"02/21/2017","778.00","778.00","778.00","778.00","","2.77%"
"02/20/2017","757.00","757.00","757.00","757.00","","2.16%"
"02/17/2017","741.00","741.00","741.00","741.00","","4.37%"
"02/16/2017","710.00","710.00","710.00","710.00","","3.20%"
"02/15/2017","688.00","688.00","688.00","688.00","","0.44%"
"02/14/2017","685.00","685.00","685.00","685.00","","-0.44%"
"02/13/2017","688.00","688.00","688.00","688.00","","-1.99%"
"02/10/2017","702.00","702.00","702.00","702.00","","-0.71%"
"02/09/2017","707.00","707.00","707.00","707.00","","0.71%"
"02/08/2017","702.00","702.00","702.00","702.00","","-1.68%"
"02/07/2017","714.00","714.00","714.00","714.00","","-2.86%"
"02/06/2017","735.00","735.00","735.00","735.00","","-2.26%"
"02/03/2017","752.00","752.00","752.00","752.00","","-2.34%"
"02/02/2017","770.00","770.00","770.00","770.00","","-2.04%"
"02/01/2017","786.00","786.00","786.00","786.00","","-1.75%"
"01/31/2017","800.00","800.00","800.00","800.00","","-1.96%"
"01/30/2017","816.00","816.00","816.00","816.00","","-1.33%"
"01/27/2017","827.00","827.00","827.00","827.00","","-1.55%"
"01/26/2017","840.00","840.00","840.00","840.00","","-2.55%"
"01/25/2017","862.00","862.00","862.00","862.00","","-2.71%"
"01/24/2017","886.00","886.00","886.00","886.00","","-3.06%"
"01/23/2017","914.00","914.00","914.00","914.00","","-1.19%"
"01/20/2017","925.00","925.00","925.00","925.00","","-1.80%"
"01/19/2017","942.00","942.00","942.00","942.00","","-1.05%"
"01/18/2017","952.00","952.00","952.00","952.00","","3.25%"
"01/17/2017","922.00","922.00","922.00","922.00","","-0.32%"
"01/16/2017","925.00","925.00","925.00","925.00","","1.65%"
"01/13/2017","910.00","910.00","910.00","910.00","","2.02%"
"01/12/2017","892.00","892.00","892.00","892.00","","-0.22%"
"01/11/2017","894.00","894.00","894.00","894.00","","-3.46%"
"01/10/2017","926.00","926.00","926.00","926.00","","-2.42%"
"01/09/2017","949.00","949.00","949.00","949.00","","-1.45%"
"01/06/2017","963.00","963.00","963.00","963.00","","-2.03%"
"01/05/2017","983.00","983.00","983.00","983.00","","1.44%"
"01/04/2017","969.00","969.00","969.00","969.00","","1.68%"
"01/03/2017","953.00","953.00","953.00","953.00","","-0.83%"
"12/23/2016","961.00","961.00","961.00","961.00","","3.56%"
"12/22/2016","928.00","928.00","928.00","928.00","","0.22%"
"12/21/2016","926.00","926.00","926.00","926.00","","1.31%"
"12/20/2016","914.00","914.00","914.00","914.00","","-1.40%"
"12/19/2016","927.00","926.00","927.00","926.00","","-2.01%"
"12/16/2016","946.00","946.00","946.00","946.00","","-2.07%"
"12/15/2016","966.00","966.00","966.00","966.00","","-3.69%"
"12/14/2016","1,003.00","1,003.00","1,003.00","1,003.00","","-4.66%"
"12/13/2016","1,052.00","1,052.00","1,052.00","1,052.00","","-1.59%"
"12/12/2016","1,069.00","1,069.00","1,069.00","1,069.00","","-1.93%"
"12/09/2016","1,090.00","1,090.00","1,090.00","1,090.00","","-2.85%"
"12/08/2016","1,122.00","1,122.00","1,122.00","1,122.00","","-3.44%"
"12/07/2016","1,162.00","1,162.00","1,162.00","1,162.00","","-2.02%"
"12/06/2016","1,186.00","1,186.00","1,186.00","1,186.00","","-0.84%"
"12/05/2016","1,196.00","1,196.00","1,196.00","1,196.00","","-0.17%"
"12/02/2016","1,198.00","1,198.00","1,198.00","1,198.00","","0.17%"
"12/01/2016","1,196.00","1,196.00","1,196.00","1,196.00","","-0.66%"
"11/30/2016","1,204.00","1,204.00","1,204.00","1,204.00","","0.17%"
"11/29/2016","1,202.00","1,202.00","1,202.00","1,202.00","","1.52%"
"11/28/2016","1,184.00","1,184.00","1,184.00","1,184.00","","0.25%"
"11/25/2016","1,181.00","1,181.00","1,181.00","1,181.00","","-1.67%"
"11/24/2016","1,201.00","1,201.00","1,201.00","1,201.00","","-1.88%"
"11/23/2016","1,224.00","1,224.00","1,224.00","1,224.00","","-0.65%"
"11/22/2016","1,232.00","1,232.00","1,232.00","1,232.00","","-0.65%"
"11/21/2016","1,240.00","1,240.00","1,240.00","1,240.00","","-1.35%"
"11/18/2016","1,257.00","1,257.00","1,257.00","1,257.00","","2.11%"
"11/17/2016","1,231.00","1,231.00","1,231.00","1,231.00","","7.51%"
"11/16/2016","1,145.00","1,145.00","1,145.00","1,145.00","","5.63%"
"11/15/2016","1,084.00","1,084.00","1,084.00","1,084.00","","1.78%"
"11/14/2016","1,065.00","1,065.00","1,065.00","1,065.00","","1.91%"
"11/11/2016","1,045.00","1,045.00","1,045.00","1,045.00","","7.29%"
"11/10/2016","974.00","974.00","974.00","974.00","","2.10%"
"11/09/2016","954.00","954.00","954.00","954.00","","4.72%"
"11/08/2016","911.00","911.00","911.00","911.00","","4.71%"
"11/07/2016","870.00","870.00","870.00","870.00","","1.75%"
"11/04/2016","855.00","855.00","855.00","855.00","","0.71%"
"11/03/2016","849.00","849.00","849.00","849.00","","1.80%"
"11/02/2016","834.00","834.00","834.00","834.00","","-0.48%"
"11/01/2016","838.00","838.00","838.00","838.00","","-2.22%"
"10/31/2016","857.00","857.00","857.00","857.00","","2.76%"
"10/28/2016","834.00","834.00","834.00","834.00","","4.51%"
"10/27/2016","798.00","798.00","798.00","798.00","","-0.50%"
"10/26/2016","802.00","802.00","802.00","802.00","","-1.35%"
"10/25/2016","813.00","813.00","813.00","813.00","","-2.17%"
"10/24/2016","831.00","831.00","831.00","831.00","","-1.31%"
"10/21/2016","842.00","842.00","842.00","842.00","","-0.82%"
"10/20/2016","849.00","849.00","849.00","849.00","","-2.64%"
"10/19/2016","872.00","872.00","872.00","872.00","","-2.02%"
"10/18/2016","890.00","890.00","890.00","890.00","","-0.45%"
"10/17/2016","894.00","894.00","894.00","894.00","","0.22%"
"10/14/2016","892.00","892.00","892.00","892.00","","0.79%"
"10/13/2016","885.00","885.00","885.00","885.00","","-2.32%"
"10/12/2016","906.00","906.00","906.00","906.00","","-1.74%"
"10/11/2016","922.00","922.00","922.00","922.00","","0.00%"
"10/10/2016","922.00","922.00","922.00","922.00","","0.11%"
"10/07/2016","921.00","921.00","921.00","921.00","","0.66%"
"10/06/2016","915.00","915.00","915.00","915.00","","5.29%"
"10/05/2016","869.00","869.00","869.00","869.00","","1.05%"
"10/04/2016","860.00","860.00","860.00","860.00","","-0.46%"
"10/03/2016","864.00","864.00","864.00","864.00","","-1.26%"
"09/30/2016","875.00","875.00","875.00","875.00","","-1.46%"
"09/29/2016","888.00","888.00","888.00","888.00","","-2.63%"
"09/28/2016","912.00","912.00","912.00","912.00","","-1.94%"
"09/27/2016","930.00","930.00","930.00","930.00","","-0.43%"
"09/26/2016","934.00","934.00","934.00","934.00","","-0.74%"
"09/23/2016","941.00","941.00","941.00","941.00","","0.43%"
"09/22/2016","937.00","937.00","937.00","937.00","","3.77%"
"09/21/2016","903.00","903.00","903.00","903.00","","4.39%"
"09/20/2016","865.00","865.00","865.00","865.00","","3.47%"
"09/19/2016","836.00","836.00","836.00","836.00","","4.50%"
"09/16/2016","800.00","800.00","800.00","800.00","","4.71%"
"09/15/2016","764.00","764.00","764.00","764.00","","1.06%"
"09/14/2016","756.00","756.00","756.00","756.00","","-5.03%"
"09/13/2016","796.00","796.00","796.00","796.00","","-1.00%"
"09/12/2016","804.00","804.00","804.00","804.00","","0.00%"
"09/09/2016","804.00","804.00","804.00","804.00","","1.52%"
"09/08/2016","792.00","792.00","792.00","792.00","","2.46%"
"09/07/2016","773.00","773.00","773.00","773.00","","3.76%"
"09/06/2016","745.00","745.00","745.00","745.00","","2.90%"
"09/05/2016","724.00","724.00","724.00","724.00","","0.56%"
"09/02/2016","720.00","720.00","720.00","720.00","","1.12%"
"09/01/2016","712.00","712.00","712.00","712.00","","0.14%"
"08/31/2016","711.00","711.00","711.00","711.00","","-0.56%"
"08/30/2016","715.00","715.00","715.00","715.00","","-0.69%"
"08/26/2016","720.00","720.00","720.00","720.00","","0.28%"
"08/25/2016","718.00","718.00","718.00","718.00","","1.70%"
"08/24/2016","706.00","706.00","706.00","706.00","","2.02%"
"08/23/2016","692.00","692.00","692.00","692.00","","0.73%"
"08/22/2016","687.00","687.00","687.00","687.00","","0.59%"
"08/19/2016","683.00","683.00","683.00","683.00","","0.15%"
"08/18/2016","682.00","682.00","682.00","682.00","","-0.44%"
"08/17/2016","685.00","685.00","685.00","685.00","","-0.29%"
"08/16/2016","687.00","687.00","687.00","687.00","","0.88%"
"08/15/2016","681.00","681.00","681.00","681.00","","1.49%"
"08/12/2016","671.00","671.00","671.00","671.00","","2.76%"
"08/11/2016","653.00","653.00","653.00","653.00","","2.35%"
"08/10/2016","638.00","638.00","638.00","638.00","","1.11%"
"08/09/2016","631.00","631.00","631.00","631.00","","-0.79%"
"08/08/2016","636.00","636.00","636.00","636.00","","0.00%"
"08/05/2016","636.00","636.00","636.00","636.00","","0.00%"
"08/04/2016","636.00","636.00","636.00","636.00","","-0.78%"
"08/03/2016","641.00","641.00","641.00","641.00","","-0.62%"
"08/02/2016","645.00","645.00","645.00","645.00","","-0.77%"
"08/01/2016","650.00","650.00","650.00","650.00","","-0.91%"
"07/29/2016","656.00","656.00","656.00","656.00","","-1.35%"
"07/28/2016","665.00","665.00","665.00","665.00","","-2.06%"
"07/27/2016","679.00","679.00","679.00","679.00","","-2.44%"
"07/26/2016","696.00","696.00","696.00","696.00","","-1.83%"
"07/25/2016","709.00","709.00","709.00","709.00","","-1.25%"
"07/22/2016","718.00","718.00","718.00","718.00","","-1.10%"
"07/21/2016","726.00","726.00","726.00","726.00","","-1.36%"
"07/20/2016","736.00","736.00","736.00","736.00","","-1.34%"
"07/19/2016","746.00","746.00","746.00","746.00","","-0.27%"
"07/18/2016","748.00","748.00","748.00","748.00","","0.40%"
"07/15/2016","745.00","745.00","745.00","745.00","","0.95%"
"07/14/2016","738.00","738.00","738.00","738.00","","1.65%"
"07/13/2016","726.00","726.00","726.00","726.00","","2.11%"
"07/12/2016","711.00","711.00","711.00","711.00","","0.99%"
"07/11/2016","704.00","704.00","704.00","704.00","","0.14%"
"07/08/2016","703.00","703.00","703.00","703.00","","0.57%"
"07/07/2016","699.00","699.00","699.00","699.00","","0.72%"
"07/06/2016","694.00","694.00","694.00","694.00","","0.29%"
"07/05/2016","692.00","692.00","692.00","692.00","","0.58%"
"07/04/2016","688.00","688.00","688.00","688.00","","1.62%"
"07/01/2016","677.00","677.00","677.00","677.00","","2.58%"
"06/30/2016","660.00","660.00","660.00","660.00","","3.13%"
"06/29/2016","640.00","640.00","640.00","640.00","","2.07%"
"06/28/2016","627.00","627.00","627.00","627.00","","1.79%"
"06/27/2016","616.00","616.00","616.00","616.00","","1.15%"
"06/24/2016","609.00","609.00","609.00","609.00","","2.18%"
"06/23/2016","596.00","596.00","596.00","596.00","","1.88%"
"06/22/2016","585.00","585.00","585.00","585.00","","0.86%"
"06/21/2016","580.00","580.00","580.00","580.00","","-0.34%"
"06/20/2016","582.00","582.00","582.00","582.00","","-0.85%"
"06/17/2016","587.00","587.00","587.00","587.00","","-1.84%"
"06/16/2016","598.00","598.00","598.00","598.00","","-0.99%"
"06/15/2016","604.00","604.00","604.00","604.00","","-0.66%"
"06/14/2016","608.00","608.00","608.00","608.00","","-0.16%"
"06/13/2016","609.00","609.00","609.00","609.00","","-0.16%"
"06/10/2016","610.00","610.00","610.00","610.00","","-0.16%"
"06/09/2016","611.00","611.00","611.00","611.00","","0.16%"
"06/08/2016","610.00","610.00","610.00","610.00","","0.66%"
"06/07/2016","606.00","606.00","606.00","606.00","","-0.16%"
"06/06/2016","607.00","607.00","607.00","607.00","","-0.49%"
"06/03/2016","610.00","610.00","610.00","610.00","","0.66%"
"06/02/2016","606.00","606.00","606.00","606.00","","-0.98%"
"06/01/2016","612.00","612.00","612.00","612.00","","0.00%"
"05/31/2016","612.00","612.00","612.00","612.00","","0.99%"
"05/27/2016","606.00","606.00","606.00","606.00","","0.83%"
"05/26/2016","601.00","601.00","601.00","601.00","","-0.66%"
"05/25/2016","605.00","605.00","605.00","605.00","","-2.10%"
"05/24/2016","618.00","618.00","618.00","618.00","","-0.96%"
"05/23/2016","624.00","624.00","624.00","624.00","","-0.16%"
"05/20/2016","625.00","625.00","625.00","625.00","","-1.42%"
"05/19/2016","634.00","634.00","634.00","634.00","","-1.25%"
"05/18/2016","642.00","642.00","642.00","642.00","","-0.16%"
"05/17/2016","643.00","643.00","643.00","643.00","","4.89%"
"05/16/2016","613.00","613.00","613.00","613.00","","2.17%"
"05/13/2016","600.00","600.00","600.00","600.00","","3.63%"
"05/12/2016","579.00","579.00","579.00","579.00","","0.00%"
"05/11/2016","579.00","579.00","579.00","579.00","","-2.53%"
"05/10/2016","594.00","594.00","594.00","594.00","","-3.57%"
"05/09/2016","616.00","616.00","616.00","616.00","","-2.38%"
"05/06/2016","631.00","631.00","631.00","631.00","","-1.71%"
"05/05/2016","642.00","642.00","642.00","642.00","","-1.53%"
"05/04/2016","652.00","652.00","652.00","652.00","","-4.40%"
"05/03/2016","682.00","682.00","682.00","682.00","","-2.99%"
"04/29/2016","703.00","703.00","703.00","703.00","","-0.99%"
"04/28/2016","710.00","710.00","710.00","710.00","","-0.70%"
"04/27/2016","715.00","715.00","715.00","715.00","","1.56%"
"04/26/2016","704.00","704.00","704.00","704.00","","2.03%"
"04/25/2016","690.00","690.00","690.00","690.00","","0.29%"
"04/22/2016","688.00","688.00","688.00","688.00","","2.69%"
"04/21/2016","670.00","670.00","670.00","670.00","","0.15%"
"04/20/2016","669.00","669.00","669.00","669.00","","-0.30%"
"04/19/2016","671.00","671.00","671.00","671.00","","1.82%"
"04/18/2016","659.00","659.00","659.00","659.00","","3.78%"
"04/15/2016","635.00","635.00","635.00","635.00","","6.37%"
"04/14/2016","597.00","597.00","597.00","597.00","","5.29%"
"04/13/2016","567.00","567.00","567.00","567.00","","1.25%"
"04/12/2016","560.00","560.00","560.00","560.00","","0.90%"
"04/11/2016","555.00","555.00","555.00","555.00","","2.97%"
"04/08/2016","539.00","539.00","539.00","539.00","","4.26%"
"04/07/2016","517.00","517.00","517.00","517.00","","3.40%"
"04/06/2016","500.00","500.00","500.00","500.00","","2.67%"
"04/05/2016","487.00","487.00","487.00","487.00","","3.40%"
"04/04/2016","471.00","471.00","471.00","471.00","","4.67%"
"04/01/2016","450.00","450.00","450.00","450.00","","4.90%"
"03/31/2016","429.00","429.00","429.00","429.00","","3.62%"
"03/30/2016","414.00","414.00","414.00","414.00","","1.22%"
"03/29/2016","409.00","409.00","409.00","409.00","","0.74%"
"03/24/2016","406.00","406.00","406.00","406.00","","1.25%"
"03/23/2016","401.00","401.00","401.00","401.00","","0.75%"
"03/22/2016","398.00","398.00","398.00","398.00","","0.00%"
"03/21/2016","398.00","398.00","398.00","398.00","","0.76%"
"03/18/2016","395.00","395.00","395.00","395.00","","0.77%"
"03/17/2016","392.00","392.00","392.00","392.00","","-0.25%"
"03/16/2016","393.00","393.00","393.00","393.00","","-0.76%"
"03/15/2016","396.00","396.00","396.00","396.00","","0.76%"
"03/14/2016","393.00","393.00","393.00","393.00","","1.29%"
"03/11/2016","388.00","388.00","388.00","388.00","","1.04%"
"03/10/2016","384.00","384.00","384.00","384.00","","2.13%"
"03/09/2016","376.00","376.00","376.00","376.00","","2.73%"
"03/08/2016","366.00","366.00","366.00","366.00","","3.39%"
"03/07/2016","354.00","354.00","354.00","354.00","","1.43%"
"03/04/2016","349.00","349.00","349.00","349.00","","2.05%"
"03/03/2016","342.00","342.00","342.00","342.00","","2.09%"
"03/02/2016","335.00","335.00","335.00","335.00","","0.90%"
"03/01/2016","332.00","332.00","332.00","332.00","","0.91%"
"02/29/2016","329.00","329.00","329.00","329.00","","0.61%"
"02/26/2016","327.00","327.00","327.00","327.00","","0.62%"
"02/25/2016","325.00","325.00","325.00","325.00","","0.93%"
"02/24/2016","322.00","322.00","322.00","322.00","","1.26%"
"02/23/2016","318.00","318.00","318.00","318.00","","0.63%"
"02/22/2016","316.00","316.00","316.00","316.00","","0.32%"
"02/19/2016","315.00","315.00","315.00","315.00","","0.64%"
"02/18/2016","313.00","313.00","313.00","313.00","","1.95%"
"02/17/2016","307.00","307.00","307.00","307.00","","1.99%"
"02/16/2016","301.00","301.00","301.00","301.00","","2.03%"
"02/15/2016","295.00","295.00","295.00","295.00","","1.37%"
"02/12/2016","291.00","291.00","291.00","291.00","","0.34%"
"02/11/2016","290.00","290.00","290.00","290.00","","0.00%"
"02/10/2016","290.00","290.00","290.00","290.00","","-0.34%"
"02/09/2016","291.00","291.00","291.00","291.00","","-0.68%"
"02/08/2016","293.00","293.00","293.00","293.00","","-1.35%"
"02/05/2016","297.00","297.00","297.00","297.00","","-0.34%"
"02/04/2016","298.00","298.00","298.00","298.00","","-1.65%"
"02/03/2016","303.00","303.00","303.00","303.00","","-2.26%"
"02/02/2016","310.00","310.00","310.00","310.00","","-1.27%"
"02/01/2016","314.00","314.00","314.00","314.00","","-0.95%"
"01/29/2016","317.00","317.00","317.00","317.00","","-2.46%"
"01/28/2016","325.00","325.00","325.00","325.00","","-3.56%"
"01/27/2016","337.00","337.00","337.00","337.00","","-2.32%"
"01/26/2016","345.00","345.00","345.00","345.00","","-2.54%"
"01/25/2016","354.00","354.00","354.00","354.00","","0.00%"
"01/22/2016","354.00","354.00","354.00","354.00","","-0.28%"
"01/21/2016","355.00","355.00","355.00","355.00","","-0.84%"
"01/20/2016","358.00","358.00","358.00","358.00","","-1.38%"
"01/19/2016","363.00","363.00","363.00","363.00","","-1.63%"
"01/18/2016","369.00","369.00","369.00","369.00","","-1.07%"
"01/15/2016","373.00","373.00","373.00","373.00","","-2.61%"
"01/14/2016","383.00","383.00","383.00","383.00","","-2.79%"
"01/13/2016","394.00","394.00","394.00","394.00","","-1.99%"
"01/12/2016","402.00","402.00","402.00","402.00","","-3.13%"
"01/11/2016","415.00","415.00","415.00","415.00","","-3.26%"
"01/08/2016","429.00","429.00","429.00","429.00","","-3.60%"
"01/07/2016","445.00","445.00","445.00","445.00","","-4.71%"
"01/06/2016","467.00","467.00","467.00","467.00","","-0.21%"
"01/05/2016","468.00","468.00","468.00","468.00","","-1.06%"
"01/04/2016","473.00","473.00","473.00","473.00","","-1.05%"
"12/24/2015","478.00","478.00","478.00","478.00","","0.63%"
"12/23/2015","475.00","475.00","475.00","475.00","","0.21%"
"12/22/2015","474.00","474.00","474.00","474.00","","-0.84%"
"12/21/2015","478.00","478.00","478.00","478.00","","0.21%"
"12/18/2015","477.00","477.00","477.00","477.00","","1.27%"
"12/17/2015","471.00","471.00","471.00","471.00","","0.00%"
"12/16/2015","471.00","471.00","471.00","471.00","","-2.69%"
"12/15/2015","484.00","484.00","484.00","484.00","","-4.72%"
"12/14/2015","508.00","508.00","508.00","508.00","","-2.68%"
"12/11/2015","522.00","522.00","522.00","522.00","","-2.25%"
"12/10/2015","534.00","534.00","534.00","534.00","","-2.20%"
"12/09/2015","546.00","546.00","546.00","546.00","","-0.91%"
"12/08/2015","551.00","551.00","551.00","551.00","","0.00%"
"12/07/2015","551.00","551.00","551.00","551.00","","-2.13%"
"12/04/2015","563.00","563.00","563.00","563.00","","-1.92%"
"12/03/2015","574.00","574.00","574.00","574.00","","-2.71%"
"12/02/2015","590.00","590.00","590.00","590.00","","-1.34%"
"12/01/2015","598.00","598.00","598.00","598.00","","2.40%"
"11/30/2015","584.00","584.00","584.00","584.00","","0.52%"
"11/27/2015","581.00","581.00","581.00","581.00","","3.38%"
"11/26/2015","562.00","562.00","562.00","562.00","","2.93%"
"11/25/2015","546.00","546.00","546.00","546.00","","3.41%"
"11/24/2015","528.00","528.00","528.00","528.00","","2.33%"
"11/23/2015","516.00","516.00","516.00","516.00","","3.61%"
"11/20/2015","498.00","498.00","498.00","498.00","","-1.19%"
"11/19/2015","504.00","504.00","504.00","504.00","","-2.89%"
"11/18/2015","519.00","519.00","519.00","519.00","","-3.35%"
"11/17/2015","537.00","537.00","537.00","537.00","","-2.36%"
"11/16/2015","550.00","550.00","550.00","550.00","","-1.79%"
"11/13/2015","560.00","560.00","560.00","560.00","","-3.28%"
"11/12/2015","579.00","579.00","579.00","579.00","","-3.34%"
"11/11/2015","599.00","599.00","599.00","599.00","","-3.70%"
"11/10/2015","622.00","622.00","622.00","622.00","","-0.96%"
"11/09/2015","628.00","628.00","628.00","628.00","","-0.48%"
"11/06/2015","631.00","631.00","631.00","631.00","","-1.41%"
"11/05/2015","640.00","640.00","640.00","640.00","","-2.59%"
"11/04/2015","657.00","680.00","680.00","657.00","","-3.38%"
"11/03/2015","680.00","680.00","680.00","680.00","","-3.68%"
"11/02/2015","706.00","706.00","706.00","706.00","","-2.08%"
"10/30/2015","721.00","721.00","721.00","721.00","","-0.96%"
"10/29/2015","728.00","728.00","728.00","728.00","","-1.09%"
"10/28/2015","736.00","736.00","736.00","736.00","","-0.41%"
"10/27/2015","739.00","739.00","739.00","739.00","","-2.64%"
"10/26/2015","759.00","759.00","759.00","759.00","","-1.94%"
"10/23/2015","774.00","774.00","774.00","774.00","","-1.53%"
"10/22/2015","786.00","786.00","786.00","786.00","","0.77%"
"10/21/2015","780.00","780.00","780.00","780.00","","2.36%"
"10/20/2015","762.00","762.00","762.00","762.00","","2.01%"
"10/19/2015","747.00","747.00","747.00","747.00","","-0.93%"
"10/16/2015","754.00","754.00","754.00","754.00","","-1.57%"
"10/15/2015","766.00","766.00","766.00","766.00","","-2.67%"
"10/14/2015","787.00","787.00","787.00","787.00","","-2.11%"
"10/13/2015","804.00","804.00","804.00","804.00","","-0.62%"
"10/12/2015","809.00","809.00","809.00","809.00","","0.00%"
"10/09/2015","809.00","809.00","809.00","809.00","","-0.98%"
"10/08/2015","817.00","817.00","817.00","817.00","","-2.85%"
"10/07/2015","841.00","841.00","841.00","841.00","","-3.22%"
"10/06/2015","869.00","869.00","869.00","869.00","","-1.36%"
"10/05/2015","881.00","881.00","881.00","881.00","","-0.90%"
"10/02/2015","889.00","889.00","889.00","889.00","","0.11%"
"10/01/2015","888.00","888.00","888.00","888.00","","-1.33%"
"09/30/2015","900.00","900.00","900.00","900.00","","-2.81%"
"09/29/2015","926.00","926.00","926.00","926.00","","-1.80%"
"09/28/2015","943.00","943.00","943.00","943.00","","0.00%"
"09/25/2015","943.00","943.00","943.00","943.00","","2.28%"
"09/24/2015","922.00","922.00","922.00","922.00","","0.55%"
"09/23/2015","917.00","917.00","917.00","917.00","","-0.65%"
"09/22/2015","923.00","923.00","923.00","923.00","","-5.62%"
"09/21/2015","978.00","978.00","978.00","978.00","","1.88%"
"09/18/2015","960.00","960.00","960.00","960.00","","8.72%"
"09/17/2015","883.00","883.00","883.00","883.00","","8.48%"
"09/16/2015","814.00","818.00","818.00","814.00","","1.50%"
"09/15/2015","802.00","802.00","802.00","802.00","","-0.37%"
"09/14/2015","805.00","805.00","805.00","805.00","","-1.59%"
"09/11/2015","818.00","818.00","818.00","818.00","","-1.45%"
"09/10/2015","830.00","830.00","830.00","830.00","","-2.92%"
"09/09/2015","855.00","855.00","855.00","855.00","","-2.06%"
"09/08/2015","873.00","873.00","873.00","873.00","","-0.34%"
"09/07/2015","876.00","876.00","876.00","876.00","","0.11%"
"09/04/2015","875.00","875.00","875.00","875.00","","-1.80%"
"09/03/2015","891.00","891.00","891.00","891.00","","-1.66%"
"09/02/2015","906.00","906.00","906.00","906.00","","-0.55%"
"09/01/2015","911.00","911.00","911.00","911.00","","0.89%"
"08/28/2015","903.00","903.00","903.00","903.00","","-0.22%"
"08/27/2015","905.00","905.00","905.00","905.00","","-1.42%"
"08/26/2015","918.00","918.00","918.00","918.00","","-2.55%"
"08/25/2015","942.00","942.00","942.00","942.00","","-2.69%"
"08/24/2015","968.00","968.00","968.00","968.00","","-2.62%"
"08/21/2015","994.00","994.00","994.00","994.00","","-1.97%"
"08/20/2015","1,014.00","1,014.00","1,014.00","1,014.00","","-1.65%"
"08/19/2015","1,031.00","1,031.00","1,031.00","1,031.00","","-1.43%"
"08/18/2015","1,046.00","1,046.00","1,046.00","1,046.00","","-1.60%"
"08/17/2015","1,063.00","1,063.00","1,063.00","1,063.00","","0.76%"
"08/14/2015","1,055.00","1,055.00","1,055.00","1,055.00","","0.86%"
"08/13/2015","1,046.00","1,046.00","1,046.00","1,046.00","","-4.30%"
"08/12/2015","1,093.00","1,093.00","1,093.00","1,093.00","","-5.94%"
"08/11/2015","1,162.00","1,162.00","1,162.00","1,162.00","","-2.92%"
"08/10/2015","1,197.00","1,197.00","1,197.00","1,197.00","","-0.25%"
"08/07/2015","1,200.00","1,200.00","1,200.00","1,200.00","","-0.08%"
"08/06/2015","1,201.00","1,201.00","1,201.00","1,201.00","","-1.72%"
"08/05/2015","1,222.00","1,222.00","1,222.00","1,222.00","","1.83%"
"08/04/2015","1,200.00","1,200.00","1,200.00","1,200.00","","4.26%"
"08/03/2015","1,151.00","1,151.00","1,151.00","1,151.00","","1.77%"
"07/31/2015","1,131.00","1,131.00","1,131.00","1,131.00","","2.82%"
"07/30/2015","1,100.00","1,100.00","1,100.00","1,100.00","","-0.36%"
"07/29/2015","1,104.00","1,104.00","1,104.00","1,104.00","","0.91%"
"07/28/2015","1,094.00","1,094.00","1,094.00","1,094.00","","0.37%"
"07/27/2015","1,090.00","1,090.00","1,090.00","1,090.00","","0.37%"
"07/24/2015","1,086.00","1,086.00","1,086.00","1,086.00","","-1.45%"
"07/23/2015","1,102.00","1,102.00","1,102.00","1,102.00","","-1.43%"
"07/22/2015","1,118.00","1,118.00","1,118.00","1,118.00","","0.45%"
"07/21/2015","1,113.00","1,113.00","1,113.00","1,113.00","","4.31%"
"07/20/2015","1,067.00","1,067.00","1,067.00","1,067.00","","1.81%"
"07/17/2015","1,048.00","1,048.00","1,048.00","1,048.00","","3.87%"
"07/16/2015","1,009.00","1,009.00","1,009.00","1,009.00","","6.10%"
"07/15/2015","951.00","951.00","951.00","951.00","","3.93%"
"07/14/2015","915.00","915.00","915.00","915.00","","1.67%"
"07/13/2015","900.00","900.00","900.00","900.00","","2.97%"
"07/10/2015","874.00","874.00","874.00","874.00","","2.46%"
"07/09/2015","853.00","853.00","853.00","853.00","","1.55%"
"07/08/2015","840.00","840.00","840.00","840.00","","1.20%"
"07/07/2015","830.00","830.00","830.00","830.00","","1.84%"
"07/06/2015","815.00","815.00","815.00","815.00","","1.24%"
"07/03/2015","805.00","805.00","805.00","805.00","","1.39%"
"07/02/2015","794.00","794.00","794.00","794.00","","0.00%"
"07/01/2015","794.00","794.00","794.00","794.00","","-0.75%"
"06/30/2015","800.00","800.00","800.00","800.00","","-1.60%"
"06/29/2015","813.00","813.00","813.00","813.00","","-1.22%"
"06/26/2015","823.00","823.00","823.00","823.00","","-0.72%"
"06/25/2015","829.00","829.00","829.00","829.00","","0.00%"
"06/24/2015","829.00","829.00","829.00","829.00","","4.94%"
"06/23/2015","790.00","790.00","790.00","790.00","","1.41%"
"06/22/2015","779.00","779.00","779.00","779.00","","0.00%"
"06/19/2015","779.00","779.00","779.00","779.00","","0.78%"
"06/18/2015","773.00","773.00","773.00","773.00","","6.62%"
"06/17/2015","725.00","725.00","725.00","725.00","","6.46%"
"06/16/2015","681.00","681.00","681.00","681.00","","3.81%"
"06/15/2015","656.00","656.00","656.00","656.00","","2.18%"
"06/12/2015","642.00","642.00","642.00","642.00","","2.07%"
"06/11/2015","629.00","629.00","629.00","629.00","","1.78%"
"06/10/2015","618.00","618.00","618.00","618.00","","0.98%"
"06/09/2015","612.00","612.00","612.00","612.00","","0.33%"
"06/08/2015","610.00","610.00","610.00","610.00","","0.00%"
"06/05/2015","610.00","610.00","610.00","610.00","","1.16%"
"06/04/2015","603.00","603.00","603.00","603.00","","0.84%"
"06/03/2015","598.00","598.00","598.00","598.00","","1.18%"
"06/02/2015","591.00","591.00","591.00","591.00","","0.34%"
"06/01/2015","589.00","589.00","589.00","589.00","","0.00%"
"05/29/2015","589.00","589.00","589.00","589.00","","0.17%"
"05/28/2015","588.00","588.00","588.00","588.00","","0.17%"
"05/27/2015","587.00","587.00","587.00","587.00","","0.51%"
"05/26/2015","584.00","584.00","584.00","584.00","","-0.34%"
"05/22/2015","586.00","592.00","592.00","586.00","","-1.01%"
"05/21/2015","592.00","592.00","592.00","592.00","","-2.31%"
"05/20/2015","606.00","606.00","606.00","606.00","","-2.26%"
"05/19/2015","620.00","620.00","620.00","620.00","","-1.59%"
"05/18/2015","630.00","630.00","630.00","630.00","","-0.63%"
"05/15/2015","634.00","634.00","634.00","634.00","","-0.47%"
"05/14/2015","637.00","637.00","637.00","637.00","","0.47%"
"05/13/2015","634.00","634.00","634.00","634.00","","7.64%"
"05/12/2015","589.00","589.00","589.00","589.00","","1.90%"
"05/11/2015","578.00","578.00","578.00","578.00","","0.70%"
"05/08/2015","574.00","574.00","574.00","574.00","","0.17%"
"05/07/2015","573.00","573.00","573.00","573.00","","-0.35%"
"05/06/2015","575.00","575.00","575.00","575.00","","-0.86%"
"05/05/2015","580.00","580.00","580.00","580.00","","-1.19%"
"05/01/2015","587.00","587.00","587.00","587.00","","-0.68%"
"04/30/2015","591.00","591.00","591.00","591.00","","-0.67%"
"04/29/2015","595.00","595.00","595.00","595.00","","-1.00%"
"04/28/2015","601.00","601.00","601.00","601.00","","0.17%"
"04/27/2015","600.00","600.00","600.00","600.00","","0.00%"
"04/24/2015","600.00","600.00","600.00","600.00","","0.17%"
"04/23/2015","599.00","599.00","599.00","599.00","","-0.17%"
"04/22/2015","600.00","600.00","600.00","600.00","","-0.17%"
"04/21/2015","601.00","601.00","601.00","601.00","","0.50%"
"04/20/2015","598.00","598.00","598.00","598.00","","0.17%"
"04/17/2015","597.00","597.00","597.00","597.00","","0.67%"
"04/16/2015","593.00","593.00","593.00","593.00","","1.19%"
"04/15/2015","586.00","586.00","586.00","586.00","","0.86%"
"04/14/2015","581.00","581.00","581.00","581.00","","0.52%"
"04/13/2015","578.00","578.00","578.00","578.00","","-0.34%"
"04/10/2015","580.00","580.00","580.00","580.00","","0.00%"
"04/09/2015","580.00","580.00","580.00","580.00","","0.00%"
"04/08/2015","580.00","580.00","580.00","580.00","","-0.51%"
"04/07/2015","583.00","583.00","583.00","583.00","","-0.85%"
"04/02/2015","588.00","588.00","588.00","588.00","","-1.34%"
"04/01/2015","596.00","596.00","596.00","596.00","","-1.00%"
"03/31/2015","602.00","602.00","602.00","602.00","","0.50%"
"03/30/2015","599.00","599.00","599.00","599.00","","0.50%"
"03/27/2015","596.00","596.00","596.00","596.00","","-0.33%"
"03/26/2015","598.00","598.00","598.00","598.00","","0.00%"
"03/25/2015","598.00","598.00","598.00","598.00","","0.17%"
"03/24/2015","597.00","597.00","597.00","597.00","","0.51%"
"03/23/2015","594.00","594.00","594.00","594.00","","0.51%"
"03/20/2015","591.00","591.00","591.00","591.00","","1.20%"
"03/19/2015","584.00","584.00","584.00","584.00","","2.28%"
"03/18/2015","571.00","571.00","571.00","571.00","","0.53%"
"03/17/2015","568.00","568.00","568.00","568.00","","0.71%"
"03/16/2015","564.00","564.00","564.00","564.00","","0.36%"
"03/13/2015","562.00","562.00","562.00","562.00","","0.36%"
"03/12/2015","560.00","560.00","560.00","560.00","","-0.88%"
"03/11/2015","565.00","565.00","565.00","565.00","","-0.53%"
"03/10/2015","568.00","568.00","568.00","568.00","","0.00%"
"03/09/2015","568.00","568.00","568.00","568.00","","0.53%"
"03/06/2015","565.00","565.00","565.00","565.00","","0.71%"
"03/05/2015","561.00","561.00","561.00","561.00","","0.36%"
"03/04/2015","559.00","559.00","559.00","559.00","","1.08%"
"03/03/2015","553.00","553.00","553.00","553.00","","0.91%"
"03/02/2015","548.00","548.00","548.00","548.00","","1.48%"
"02/27/2015","540.00","540.00","540.00","540.00","","1.31%"
"02/26/2015","533.00","533.00","533.00","533.00","","1.72%"
"02/25/2015","524.00","524.00","524.00","524.00","","1.55%"
"02/24/2015","516.00","516.00","516.00","516.00","","0.78%"
"02/23/2015","512.00","512.00","512.00","512.00","","0.59%"
"02/18/2015","509.00","509.00","509.00","509.00","","-1.36%"
"02/17/2015","516.00","516.00","516.00","516.00","","-1.15%"
"02/16/2015","522.00","522.00","522.00","522.00","","-1.51%"
"02/13/2015","530.00","530.00","530.00","530.00","","-1.85%"
"02/12/2015","540.00","540.00","540.00","540.00","","-2.35%"
"02/11/2015","553.00","553.00","553.00","553.00","","-0.54%"
"02/10/2015","556.00","556.00","556.00","556.00","","0.36%"
"02/09/2015","554.00","554.00","554.00","554.00","","-0.89%"
"02/06/2015","559.00","559.00","559.00","559.00","","-0.89%"
"02/05/2015","564.00","564.00","564.00","564.00","","-0.88%"
"02/04/2015","569.00","569.00","569.00","569.00","","-1.39%"
"02/03/2015","577.00","577.00","577.00","577.00","","-2.20%"
"02/02/2015","590.00","590.00","590.00","590.00","","-2.96%"
"01/30/2015","608.00","608.00","608.00","608.00","","-3.80%"
"01/29/2015","632.00","632.00","632.00","632.00","","-5.11%"
"01/28/2015","666.00","666.00","666.00","666.00","","-3.20%"
"01/27/2015","688.00","688.00","688.00","688.00","","-2.13%"
"01/26/2015","703.00","703.00","703.00","703.00","","-2.36%"
"01/23/2015","720.00","720.00","720.00","720.00","","-4.13%"
"01/22/2015","751.00","751.00","751.00","751.00","","-2.47%"
"01/21/2015","770.00","770.00","770.00","770.00","","2.26%"
"01/20/2015","753.00","753.00","753.00","753.00","","1.89%"
"01/19/2015","739.00","739.00","739.00","739.00","","-0.27%"
"01/16/2015","741.00","741.00","741.00","741.00","","-1.07%"
"01/15/2015","749.00","749.00","749.00","749.00","","-1.06%"
"01/14/2015","757.00","757.00","757.00","757.00","","-0.66%"
"01/13/2015","762.00","762.00","762.00","762.00","","5.39%"
"01/12/2015","723.00","723.00","723.00","723.00","","1.97%"
"01/09/2015","709.00","709.00","709.00","709.00","","-2.07%"
"01/08/2015","724.00","724.00","724.00","724.00","","-2.69%"
"01/07/2015","744.00","744.00","744.00","744.00","","-1.85%"
"01/06/2015","758.00","758.00","758.00","758.00","","-0.39%"
"01/05/2015","761.00","761.00","761.00","761.00","","-1.30%"
"01/02/2015","771.00","771.00","771.00","771.00","","-1.41%"
"12/24/2014","782.00","782.00","782.00","782.00","","-0.76%"
"12/23/2014","788.00","788.00","788.00","788.00","","-0.76%"
"12/22/2014","794.00","794.00","794.00","794.00","","-1.12%"
"12/19/2014","803.00","803.00","803.00","803.00","","-1.35%"
"12/18/2014","814.00","814.00","814.00","814.00","","-1.57%"
"12/17/2014","827.00","827.00","827.00","827.00","","-1.31%"
"12/16/2014","838.00","838.00","838.00","838.00","","-0.83%"
"12/15/2014","845.00","845.00","845.00","845.00","","-2.09%"
"12/12/2014","863.00","863.00","863.00","863.00","","-2.71%"
"12/11/2014","887.00","887.00","887.00","887.00","","-2.63%"
"12/10/2014","911.00","911.00","911.00","911.00","","-2.36%"
"12/09/2014","933.00","933.00","933.00","933.00","","-2.00%"
"12/08/2014","952.00","952.00","952.00","952.00","","-3.05%"
"12/05/2014","982.00","982.00","982.00","982.00","","-3.63%"
"12/04/2014","1,019.00","1,019.00","1,019.00","1,019.00","","-5.56%"
"12/03/2014","1,079.00","1,079.00","1,079.00","1,079.00","","-3.57%"
"12/02/2014","1,119.00","1,119.00","1,119.00","1,119.00","","-1.58%"
"12/01/2014","1,137.00","1,137.00","1,137.00","1,137.00","","-1.39%"
"11/28/2014","1,153.00","1,153.00","1,153.00","1,153.00","","-2.86%"
"11/27/2014","1,187.00","1,187.00","1,187.00","1,187.00","","-4.20%"
"11/26/2014","1,239.00","1,239.00","1,239.00","1,239.00","","-5.64%"
"11/25/2014","1,313.00","1,313.00","1,313.00","1,313.00","","-0.30%"
"11/24/2014","1,317.00","1,317.00","1,317.00","1,317.00","","-0.53%"
"11/21/2014","1,324.00","1,324.00","1,324.00","1,324.00","","-0.60%"
"11/20/2014","1,332.00","1,332.00","1,332.00","1,332.00","","1.99%"
"11/19/2014","1,306.00","1,306.00","1,306.00","1,306.00","","0.77%"
"11/18/2014","1,296.00","1,296.00","1,296.00","1,296.00","","2.53%"
"11/17/2014","1,264.00","1,264.00","1,264.00","1,264.00","","0.64%"
"11/14/2014","1,256.00","1,256.00","1,256.00","1,256.00","","-0.63%"
"11/13/2014","1,264.00","1,264.00","1,264.00","1,264.00","","-4.75%"
"11/12/2014","1,327.00","1,327.00","1,327.00","1,327.00","","-3.14%"
"11/11/2014","1,370.00","1,370.00","1,370.00","1,370.00","","-3.39%"
"11/10/2014","1,418.00","1,418.00","1,418.00","1,418.00","","-1.32%"
"11/07/2014","1,437.00","1,437.00","1,437.00","1,437.00","","0.07%"
"11/06/2014","1,436.00","1,436.00","1,436.00","1,436.00","","-1.91%"
"11/05/2014","1,464.00","1,464.00","1,464.00","1,464.00","","-1.35%"
"11/04/2014","1,484.00","1,484.00","1,484.00","1,484.00","","1.92%"
"11/03/2014","1,456.00","1,456.00","1,456.00","1,456.00","","1.96%"
"10/31/2014","1,428.00","1,428.00","1,428.00","1,428.00","","0.28%"
"10/30/2014","1,424.00","1,424.00","1,424.00","1,424.00","","-0.28%"
"10/29/2014","1,428.00","1,428.00","1,428.00","1,428.00","","2.37%"
"10/28/2014","1,395.00","1,395.00","1,395.00","1,395.00","","8.56%"
"10/27/2014","1,285.00","1,285.00","1,285.00","1,285.00","","7.80%"
"10/24/2014","1,192.00","1,192.00","1,192.00","1,192.00","","3.20%"
"10/23/2014","1,155.00","1,155.00","1,155.00","1,155.00","","1.67%"
"10/22/2014","1,136.00","1,136.00","1,136.00","1,136.00","","4.22%"
"10/21/2014","1,090.00","1,090.00","1,090.00","1,090.00","","12.02%"
"10/20/2014","973.00","973.00","973.00","973.00","","3.07%"
"10/17/2014","944.00","944.00","944.00","944.00","","1.51%"
"10/16/2014","930.00","930.00","930.00","930.00","","-0.53%"
"10/15/2014","935.00","935.00","935.00","935.00","","-1.37%"
"10/14/2014","948.00","948.00","948.00","948.00","","-0.63%"
"10/13/2014","954.00","954.00","954.00","954.00","","-0.93%"
"10/10/2014","963.00","963.00","963.00","963.00","","-1.13%"
"10/09/2014","974.00","974.00","974.00","974.00","","-1.72%"
"10/08/2014","991.00","991.00","991.00","991.00","","-2.36%"
"10/07/2014","1,015.00","1,015.00","1,015.00","1,015.00","","-1.36%"
"10/06/2014","1,029.00","1,029.00","1,029.00","1,029.00","","-0.77%"
"10/03/2014","1,037.00","1,037.00","1,037.00","1,037.00","","-0.38%"
"10/02/2014","1,041.00","1,041.00","1,041.00","1,041.00","","-1.33%"
"10/01/2014","1,055.00","1,055.00","1,055.00","1,055.00","","-0.75%"
"09/30/2014","1,063.00","1,063.00","1,063.00","1,063.00","","0.09%"
"09/29/2014","1,062.00","1,062.00","1,062.00","1,062.00","","1.24%"
"09/26/2014","1,049.00","1,049.00","1,049.00","1,049.00","","1.06%"
"09/25/2014","1,038.00","1,038.00","1,038.00","1,038.00","","-1.70%"
"09/24/2014","1,056.00","1,056.00","1,056.00","1,056.00","","-1.58%"
"09/23/2014","1,073.00","1,073.00","1,073.00","1,073.00","","-0.37%"
"09/22/2014","1,077.00","1,077.00","1,077.00","1,077.00","","0.19%"
"09/19/2014","1,075.00","1,075.00","1,075.00","1,075.00","","-1.29%"
"09/18/2014","1,089.00","1,089.00","1,089.00","1,089.00","","-3.11%"
"09/17/2014","1,124.00","1,124.00","1,124.00","1,124.00","","-2.26%"
"09/16/2014","1,150.00","1,150.00","1,150.00","1,150.00","","-1.96%"
"09/15/2014","1,173.00","1,173.00","1,173.00","1,173.00","","-0.68%"
"09/12/2014","1,181.00","1,181.00","1,181.00","1,181.00","","-0.42%"
"09/11/2014","1,186.00","1,186.00","1,186.00","1,186.00","","-0.92%"
"09/10/2014","1,197.00","1,197.00","1,197.00","1,197.00","","0.00%"
"09/09/2014","1,197.00","1,197.00","1,197.00","1,197.00","","2.66%"
"09/08/2014","1,166.00","1,166.00","1,166.00","1,166.00","","0.95%"
"09/05/2014","1,155.00","1,155.00","1,155.00","1,155.00","","0.70%"
"09/04/2014","1,147.00","1,147.00","1,147.00","1,147.00","","0.44%"
"09/03/2014","1,142.00","1,142.00","1,142.00","1,142.00","","-0.61%"
"09/02/2014","1,149.00","1,149.00","1,149.00","1,149.00","","-0.17%"
"09/01/2014","1,151.00","1,151.00","1,151.00","1,151.00","","0.35%"
"08/29/2014","1,147.00","1,147.00","1,147.00","1,147.00","","2.50%"
"08/28/2014","1,119.00","1,119.00","1,119.00","1,119.00","","5.27%"
"08/27/2014","1,063.00","1,063.00","1,063.00","1,063.00","","-0.65%"
"08/26/2014","1,070.00","1,070.00","1,070.00","1,070.00","","-1.65%"
"08/22/2014","1,088.00","1,088.00","1,088.00","1,088.00","","-0.73%"
"08/21/2014","1,096.00","1,096.00","1,096.00","1,096.00","","3.30%"
"08/20/2014","1,061.00","1,061.00","1,061.00","1,061.00","","2.02%"
"08/19/2014","1,040.00","1,040.00","1,040.00","1,040.00","","-0.19%"
"08/18/2014","1,042.00","1,042.00","1,042.00","1,042.00","","2.66%"
"08/15/2014","1,015.00","1,015.00","1,015.00","1,015.00","","7.75%"
"08/14/2014","942.00","942.00","942.00","942.00","","8.15%"
"08/13/2014","871.00","871.00","871.00","871.00","","4.19%"
"08/12/2014","836.00","836.00","836.00","836.00","","5.56%"
"08/11/2014","792.00","792.00","792.00","792.00","","1.93%"
"08/08/2014","777.00","777.00","777.00","777.00","","1.57%"
"08/07/2014","765.00","765.00","765.00","765.00","","0.79%"
"08/06/2014","759.00","759.00","759.00","759.00","","0.53%"
"08/05/2014","755.00","755.00","755.00","755.00","","0.27%"
"08/04/2014","753.00","753.00","753.00","753.00","","0.27%"
"08/01/2014","751.00","751.00","751.00","751.00","","-0.53%"
"07/31/2014","755.00","755.00","755.00","755.00","","0.13%"
"07/30/2014","754.00","754.00","754.00","754.00","","0.94%"
"07/29/2014","747.00","747.00","747.00","747.00","","0.54%"
"07/28/2014","743.00","743.00","743.00","743.00","","0.54%"
"07/25/2014","739.00","739.00","739.00","739.00","","0.96%"
"07/24/2014","732.00","732.00","732.00","732.00","","0.69%"
"07/23/2014","727.00","727.00","727.00","727.00","","0.55%"
"07/22/2014","723.00","723.00","723.00","723.00","","-0.14%"
"07/21/2014","724.00","724.00","724.00","724.00","","-1.09%"
"07/18/2014","732.00","732.00","732.00","732.00","","-0.81%"
"07/17/2014","738.00","738.00","738.00","738.00","","-2.25%"
"07/16/2014","755.00","755.00","755.00","755.00","","-3.45%"
"07/15/2014","782.00","782.00","782.00","782.00","","-2.01%"
"07/14/2014","798.00","798.00","798.00","798.00","","-1.97%"
"07/11/2014","814.00","814.00","814.00","814.00","","-2.63%"
"07/10/2014","836.00","836.00","836.00","836.00","","-3.13%"
"07/09/2014","863.00","863.00","863.00","863.00","","-2.04%"
"07/08/2014","881.00","881.00","881.00","881.00","","-0.79%"
"07/07/2014","888.00","888.00","888.00","888.00","","-0.56%"
"07/04/2014","893.00","893.00","893.00","893.00","","0.34%"
"07/03/2014","890.00","890.00","890.00","890.00","","0.00%"
"07/02/2014","890.00","890.00","890.00","890.00","","-0.45%"
"07/01/2014","894.00","894.00","894.00","894.00","","5.18%"
"06/30/2014","850.00","850.00","850.00","850.00","","2.29%"
"06/27/2014","831.00","831.00","831.00","831.00","","0.85%"
"06/26/2014","824.00","824.00","824.00","824.00","","-2.60%"
"06/25/2014","846.00","846.00","846.00","846.00","","-2.42%"
"06/24/2014","867.00","867.00","867.00","867.00","","-2.14%"
"06/23/2014","886.00","886.00","886.00","886.00","","-1.99%"
"06/20/2014","904.00","904.00","904.00","904.00","","0.22%"
"06/19/2014","902.00","902.00","902.00","902.00","","4.04%"
"06/18/2014","867.00","867.00","867.00","867.00","","1.05%"
"06/17/2014","858.00","858.00","858.00","858.00","","-2.50%"
"06/16/2014","880.00","880.00","880.00","880.00","","-2.87%"
"06/13/2014","906.00","906.00","906.00","906.00","","-3.51%"
"06/12/2014","939.00","939.00","939.00","939.00","","-3.49%"
"06/11/2014","973.00","973.00","973.00","973.00","","-3.09%"
"06/10/2014","1,004.00","1,004.00","1,004.00","1,004.00","","0.50%"
"06/09/2014","999.00","999.00","999.00","999.00","","1.01%"
"06/06/2014","989.00","989.00","989.00","989.00","","1.23%"
"06/05/2014","977.00","977.00","977.00","977.00","","1.88%"
"06/04/2014","959.00","959.00","959.00","959.00","","1.16%"
"06/03/2014","948.00","948.00","948.00","948.00","","1.50%"
"06/02/2014","934.00","934.00","934.00","934.00","","0.00%"
"05/30/2014","934.00","934.00","934.00","934.00","","-0.64%"
"05/29/2014","940.00","940.00","940.00","940.00","","-1.47%"
"05/28/2014","954.00","954.00","954.00","954.00","","-1.95%"
"05/27/2014","973.00","973.00","973.00","973.00","","0.93%"
"05/23/2014","964.00","964.00","964.00","964.00","","-0.21%"
"05/22/2014","966.00","966.00","966.00","966.00","","-2.23%"
"05/21/2014","988.00","988.00","988.00","988.00","","-2.18%"
"05/20/2014","1,010.00","1,010.00","1,010.00","1,010.00","","-1.17%"
"05/19/2014","1,022.00","1,022.00","1,022.00","1,022.00","","-0.49%"
"05/16/2014","1,027.00","1,027.00","1,027.00","1,027.00","","0.59%"
"05/15/2014","1,021.00","1,021.00","1,021.00","1,021.00","","1.90%"
"05/14/2014","1,002.00","1,002.00","1,002.00","1,002.00","","2.04%"
"05/13/2014","982.00","982.00","982.00","982.00","","-0.51%"
"05/12/2014","987.00","987.00","987.00","987.00","","-1.00%"
"05/09/2014","997.00","997.00","997.00","997.00","","-1.09%"
"05/08/2014","1,008.00","1,008.00","1,008.00","1,008.00","","-1.37%"
"05/07/2014","1,022.00","1,022.00","1,022.00","1,022.00","","0.00%"
"05/06/2014","1,022.00","1,022.00","1,022.00","1,022.00","","0.49%"
"05/05/2014","1,017.00","1,017.00","1,017.00","1,017.00","","0.00%"
"05/02/2014","1,017.00","1,017.00","1,017.00","1,017.00","","2.42%"
"05/01/2014","993.00","943.00","993.00","943.00","","5.30%"
"04/30/2014","943.00","943.00","943.00","943.00","","-0.63%"
"04/29/2014","949.00","949.00","949.00","949.00","","-1.25%"
"04/28/2014","961.00","961.00","961.00","961.00","","-0.62%"
"04/25/2014","967.00","967.00","967.00","967.00","","0.52%"
"04/24/2014","962.00","962.00","962.00","962.00","","0.63%"
"04/23/2014","956.00","956.00","956.00","956.00","","1.81%"
"04/22/2014","939.00","939.00","939.00","939.00","","0.97%"
"04/17/2014","930.00","930.00","930.00","930.00","","-0.64%"
"04/16/2014","936.00","936.00","936.00","936.00","","-3.51%"
"04/15/2014","970.00","970.00","970.00","970.00","","-1.92%"
"04/14/2014","989.00","989.00","989.00","989.00","","-1.30%"
"04/11/2014","1,002.00","1,002.00","1,002.00","1,002.00","","-2.62%"
"04/10/2014","1,029.00","1,029.00","1,029.00","1,029.00","","-3.02%"
"04/09/2014","1,061.00","1,061.00","1,061.00","1,061.00","","-3.37%"
"04/08/2014","1,098.00","1,098.00","1,098.00","1,098.00","","-7.42%"
"04/07/2014","1,186.00","1,186.00","1,186.00","1,186.00","","-1.58%"
"04/04/2014","1,205.00","1,205.00","1,205.00","1,205.00","","-2.43%"
"04/03/2014","1,235.00","1,235.00","1,235.00","1,235.00","","-2.99%"
"04/02/2014","1,273.00","1,273.00","1,273.00","1,273.00","","-3.27%"
"04/01/2014","1,316.00","1,316.00","1,316.00","1,316.00","","-3.38%"
"03/31/2014","1,362.00","1,362.00","1,362.00","1,362.00","","-0.80%"
"03/28/2014","1,373.00","1,373.00","1,373.00","1,373.00","","-2.76%"
"03/27/2014","1,412.00","1,412.00","1,412.00","1,412.00","","-5.61%"
"03/26/2014","1,496.00","1,496.00","1,496.00","1,496.00","","-5.20%"
"03/25/2014","1,578.00","1,578.00","1,578.00","1,578.00","","-1.50%"
"03/24/2014","1,602.00","1,602.00","1,602.00","1,602.00","","0.19%"
"03/21/2014","1,599.00","1,599.00","1,599.00","1,599.00","","-1.36%"
"03/20/2014","1,621.00","1,621.00","1,621.00","1,621.00","","3.25%"
"03/19/2014","1,570.00","1,570.00","1,570.00","1,570.00","","3.43%"
"03/18/2014","1,518.00","1,518.00","1,518.00","1,518.00","","2.50%"
"03/17/2014","1,481.00","1,481.00","1,481.00","1,481.00","","0.27%"
"03/14/2014","1,477.00","1,477.00","1,477.00","1,477.00","","0.61%"
"03/13/2014","1,468.00","1,468.00","1,468.00","1,468.00","","1.03%"
"03/12/2014","1,453.00","1,453.00","1,453.00","1,453.00","","-8.04%"
"03/11/2014","1,580.00","1,580.00","1,580.00","1,580.00","","1.15%"
"03/10/2014","1,562.00","1,562.00","1,562.00","1,562.00","","1.23%"
"03/07/2014","1,543.00","1,543.00","1,543.00","1,543.00","","4.26%"
"03/06/2014","1,480.00","1,480.00","1,480.00","1,480.00","","6.40%"
"03/05/2014","1,391.00","1,391.00","1,391.00","1,391.00","","4.98%"
"03/04/2014","1,325.00","1,325.00","1,325.00","1,325.00","","3.84%"
"03/03/2014","1,276.00","1,276.00","1,276.00","1,276.00","","1.43%"
"02/28/2014","1,258.00","1,258.00","1,258.00","1,258.00","","0.64%"
"02/27/2014","1,250.00","1,250.00","1,250.00","1,250.00","","2.29%"
"02/26/2014","1,222.00","1,222.00","1,222.00","1,222.00","","2.09%"
"02/25/2014","1,197.00","1,197.00","1,197.00","1,197.00","","1.96%"
"02/24/2014","1,174.00","1,174.00","1,174.00","1,174.00","","-0.09%"
"02/21/2014","1,175.00","1,175.00","1,175.00","1,175.00","","0.95%"
"02/20/2014","1,164.00","1,164.00","1,164.00","1,164.00","","0.34%"
"02/19/2014","1,160.00","1,160.00","1,160.00","1,160.00","","1.22%"
"02/18/2014","1,146.00","1,146.00","1,146.00","1,146.00","","1.42%"
"02/17/2014","1,130.00","1,130.00","1,130.00","1,130.00","","2.17%"
"02/14/2014","1,106.00","1,106.00","1,106.00","1,106.00","","0.82%"
"02/13/2014","1,097.00","1,097.00","1,097.00","1,097.00","","1.11%"
"02/12/2014","1,085.00","1,085.00","1,085.00","1,085.00","","-0.55%"
"02/11/2014","1,091.00","1,091.00","1,091.00","1,091.00","","-0.46%"
"02/10/2014","1,096.00","1,096.00","1,096.00","1,096.00","","0.46%"
"02/07/2014","1,091.00","1,091.00","1,091.00","1,091.00","","-0.09%"
"02/06/2014","1,092.00","1,092.00","1,092.00","1,092.00","","0.55%"
"02/05/2014","1,086.00","1,086.00","1,086.00","1,086.00","","0.18%"
"02/04/2014","1,084.00","1,084.00","1,084.00","1,084.00","","-0.82%"
"02/03/2014","1,093.00","1,093.00","1,093.00","1,093.00","","-1.53%"
"01/31/2014","1,110.00","1,110.00","1,110.00","1,110.00","","-1.51%"
"01/30/2014","1,127.00","1,127.00","1,127.00","1,127.00","","-1.83%"
"01/29/2014","1,148.00","1,148.00","1,148.00","1,148.00","","-2.46%"
"01/28/2014","1,177.00","1,177.00","1,177.00","1,177.00","","-3.29%"
"01/27/2014","1,217.00","1,217.00","1,217.00","1,217.00","","-2.33%"
"01/24/2014","1,246.00","1,246.00","1,246.00","1,246.00","","-1.97%"
"01/23/2014","1,271.00","1,271.00","1,271.00","1,271.00","","-3.86%"
"01/22/2014","1,322.00","1,322.00","1,322.00","1,322.00","","-3.43%"
"01/21/2014","1,369.00","1,369.00","1,369.00","1,369.00","","-4.13%"
"01/20/2014","1,428.00","1,428.00","1,428.00","1,428.00","","0.49%"
"01/17/2014","1,421.00","1,421.00","1,421.00","1,421.00","","1.65%"
"01/16/2014","1,398.00","1,398.00","1,398.00","1,398.00","","1.75%"
"01/15/2014","1,374.00","1,374.00","1,374.00","1,374.00","","0.29%"
"01/14/2014","1,370.00","1,370.00","1,370.00","1,370.00","","-1.79%"
"01/13/2014","1,395.00","1,395.00","1,395.00","1,395.00","","-7.74%"
"01/10/2014","1,512.00","1,512.00","1,512.00","1,512.00","","-11.37%"
"01/09/2014","1,706.00","1,706.00","1,706.00","1,706.00","","-6.57%"
"01/08/2014","1,826.00","1,826.00","1,826.00","1,826.00","","-2.67%"
"01/07/2014","1,876.00","1,876.00","1,876.00","1,876.00","","-3.84%"
"01/06/2014","1,951.00","1,951.00","1,951.00","1,951.00","","-4.17%"
"01/03/2014","2,036.00","2,036.00","2,036.00","2,036.00","","-3.64%"
"01/02/2014","2,113.00","2,113.00","2,113.00","2,113.00","","-7.20%"
